step,tokens_processed,train_loss,lr,grad_norm,val_loss,steps_per_sec
10,,5.550347222222222,2.6999999999999996e-06,0.31217271089553833,,12.109907490361715
20,,5.550390625,5.7e-06,0.4269314408302307,,18.297209070814315
30,,5.549609375,8.7e-06,0.6292688846588135,,21.987338713101753
40,,5.55078125,1.1699999999999998e-05,0.1931890845298767,,24.42441833888142
50,,5.547265625,1.47e-05,0.19933980703353882,,26.364121847974648
60,,5.546484375,1.7699999999999997e-05,0.21379543840885162,,28.324737519374487
70,,5.54765625,2.07e-05,0.19892600178718567,,29.380929698226343
80,,5.545703125,2.37e-05,0.4350461959838867,,30.508488877283153
90,,5.543359375,2.67e-05,0.1932632178068161,,31.056659445374486
100,,5.541796875,2.9699999999999997e-05,0.19964399933815002,,31.360599974369016
110,,5.539453125,3.27e-05,0.4731367528438568,,31.58747423613852
120,,5.536328125,3.5699999999999994e-05,0.22726558148860931,,31.672881261859636
130,,5.53359375,3.87e-05,0.2233261615037918,,31.559442162666997
140,,5.53046875,4.17e-05,0.3336339592933655,,31.781778771639605
150,,5.5296875,4.4699999999999996e-05,0.26890015602111816,,32.095345088972294
160,,5.51953125,4.7699999999999994e-05,0.3388003408908844,,32.331346848138956
170,,5.512109375,5.069999999999999e-05,0.31440865993499756,,32.60075930333124
180,,5.502734375,5.37e-05,0.8839245438575745,,32.76519419582689
190,,5.4890625,5.6699999999999996e-05,0.41586196422576904,,32.88022404429461
200,,5.483984375,5.9699999999999994e-05,0.4313735067844391,,33.14055812824885
210,,5.474609375,6.269999999999999e-05,0.4359957277774811,,33.30725536857827
220,,5.45703125,6.57e-05,0.4375554323196411,,33.61541035438285
230,,5.44765625,6.87e-05,0.3864130973815918,,33.95553963649348
240,,5.4375,7.17e-05,0.47599613666534424,,34.26091490597106
250,,5.419140625,7.469999999999999e-05,0.42212343215942383,,34.553782681192374
260,,5.416796875,7.769999999999999e-05,0.3878861665725708,,34.81960391532186
270,,5.4015625,8.07e-05,0.48780128359794617,,35.08733367117448
280,,5.394140625,8.37e-05,0.629767656326294,,35.30603394745743
290,,5.387890625,8.669999999999999e-05,0.39561858773231506,,35.52378748077745
300,,5.3734375,8.969999999999998e-05,0.38149604201316833,,35.7195653577236
310,,5.358984375,9.269999999999999e-05,0.3714025616645813,,35.92600940047446
320,,5.3546875,9.57e-05,0.4079155921936035,,36.08942056838708
330,,5.34765625,9.87e-05,0.4003796875476837,,36.278566232141046
340,,5.334375,0.00010169999999999998,0.3736346960067749,,36.41696760190699
350,,5.31875,0.00010469999999999998,0.39919042587280273,,36.32623229524566
360,,5.319921875,0.00010769999999999999,0.3826160430908203,,36.363290977430786
370,,5.2859375,0.0001107,0.5969754457473755,,36.35959137703476
380,,5.3046875,0.0001137,0.37843263149261475,,36.37301440812123
390,,5.274609375,0.00011669999999999999,0.3991495966911316,,36.62393139525462
400,,5.27734375,0.00011969999999999998,0.3686070740222931,,36.903373268470574
410,,5.25546875,0.0001227,0.35020962357521057,,37.191035290426825
420,,5.25625,0.00012569999999999997,0.3275265693664551,,37.46554438681032
430,,5.246484375,0.00012869999999999998,0.3405129313468933,,37.73298642696765
440,,5.237890625,0.00013169999999999998,0.28827813267707825,,37.99709442205915
450,,5.23359375,0.0001347,0.3068560063838959,,38.251737938509045
460,,5.202734375,0.00013769999999999999,0.29825812578201294,,38.483686996740104
470,,5.1953125,0.0001407,0.4069766700267792,,38.708831476549726
480,,5.1625,0.0001437,0.3398415744304657,,38.89767159886337
490,,5.190234375,0.0001467,0.40094155073165894,,39.125495679623285
500,,5.191796875,0.0001497,0.32676032185554504,5.014452934265137,39.17609801317417
510,,5.176953125,0.00015269999999999997,0.3011561334133148,,39.5132830033933
520,,5.16640625,0.0001557,0.2565934360027313,,39.8616588820515
530,,5.158203125,0.00015869999999999998,0.4241829812526703,,40.199881366845915
540,,5.146875,0.00016169999999999997,0.24875390529632568,,40.49455718836428
550,,5.155078125,0.0001647,0.2727200984954834,,40.82018940171852
560,,5.146875,0.00016769999999999998,0.23149694502353668,,41.14032683962519
570,,5.136328125,0.0001707,0.23451769351959229,,41.45019643716567
580,,5.134765625,0.0001737,0.2436748892068863,,41.734677464070415
590,,5.11328125,0.00017669999999999999,0.2498592883348465,,42.03363387996288
600,,5.126171875,0.00017969999999999998,0.24937762320041656,,42.32254413715062
610,,5.09296875,0.00018269999999999997,0.4715023636817932,,42.590166155761764
620,,5.090234375,0.0001857,0.5474682450294495,,42.877631280680426
630,,5.080078125,0.00018869999999999998,0.2561754882335663,,43.153133314707325
640,,5.09375,0.00019169999999999997,0.24379074573516846,,43.42664903859563
650,,5.09453125,0.0001947,0.23376815021038055,,43.679197377419406
660,,5.09375,0.00019769999999999998,0.23893557488918304,,43.94551807301558
670,,5.08359375,0.0002007,0.24506297707557678,,44.20619113016863
680,,5.062109375,0.0002037,0.6073892712593079,,44.4470903729246
690,,5.078125,0.00020669999999999998,0.3470773994922638,,44.69221350379589
700,,5.03984375,0.00020969999999999997,0.46793222427368164,,44.9364144090311
710,,5.038671875,0.00021269999999999997,0.2514106035232544,,45.17592734826451
720,,5.0390625,0.00021569999999999998,0.27855589985847473,,45.40173400741029
730,,5.039453125,0.00021869999999999998,0.3856332302093506,,45.63538322845869
740,,5.0578125,0.00022169999999999997,0.32364949584007263,,45.84894170312346
750,,5.03046875,0.0002247,0.2517889440059662,,46.074560592158214
760,,5.03984375,0.00022769999999999998,0.45564910769462585,,46.26200610611202
770,,5.013671875,0.0002307,0.23486675322055817,,46.4762795721956
780,,5.00859375,0.0002337,0.41383102536201477,,46.68946263842849
790,,5.0296875,0.00023669999999999995,0.31863126158714294,,46.891304235536275
800,,4.980078125,0.00023969999999999997,1.0482853651046753,,47.09621282632856
810,,5.02421875,0.00024269999999999996,0.2469216287136078,,47.300062935206476
820,,4.9796875,0.00024569999999999995,0.32246243953704834,,47.50086215685639
830,,4.9921875,0.0002487,0.28703486919403076,,47.67334505979407
840,,4.941015625,0.0002517,0.342279314994812,,47.86529174469152
850,,5.0078125,0.00025469999999999996,0.2903572618961334,,48.05251603386628
860,,4.969921875,0.0002577,0.2518044710159302,,48.22769914698603
870,,4.958984375,0.0002607,0.3148651719093323,,48.41258193305063
880,,4.93671875,0.0002637,0.260416179895401,,48.58762139081016
890,,4.980859375,0.0002667,0.28241249918937683,,48.762802253518224
900,,4.92890625,0.0002697,0.39112573862075806,,48.93053897892532
910,,4.976953125,0.0002727,0.35110703110694885,,49.105765623196
920,,4.97421875,0.0002757,0.3099032938480377,,49.27316067695094
930,,4.935546875,0.0002787,0.3834354877471924,,49.43949038741182
940,,4.954296875,0.00028169999999999996,0.2643171548843384,,49.59745726225289
950,,4.927734375,0.0002846999999999999,0.3038191795349121,,49.76274769668992
960,,4.958203125,0.00028769999999999995,0.2912430465221405,,49.926085303482424
970,,4.959375,0.00029069999999999996,0.32015562057495117,,50.06670449699123
980,,4.940625,0.0002937,0.37126803398132324,,50.221254303591095
990,,4.98359375,0.00029669999999999995,0.36036431789398193,,50.374526186089284
1000,,4.880859375,0.00029969999999999997,0.2825750708580017,4.257421970367432,50.42250612900407
1010,,4.86953125,0.0002999999259718048,0.29687079787254333,,50.572913645446555
1020,,4.9390625,0.00029999962523240124,0.324533611536026,,50.720293742575834
1030,,4.926171875,0.000299999093155542,0.3469783663749695,,50.866107375726834
1040,,4.861328125,0.00029999832974213886,0.3893147110939026,,50.9928600604415
1050,,4.873828125,0.00029999733499349993,0.41449496150016785,,51.13064348388939
1060,,4.910546875,0.00029999610891133,0.3527767062187195,,51.268078608769486
1070,,4.923046875,0.00029999465149772994,0.4191592335700989,,51.40499741343103
1080,,4.881640625,0.0002999929627551973,0.3513210117816925,,51.53633092247103
1090,,4.880078125,0.00029999104268662593,0.3132345378398895,,51.67177063594803
1100,,4.883203125,0.00029998889129530595,0.3986680209636688,,51.80803203901506
1110,,4.89609375,0.0002999865085849242,0.3110896348953247,,51.92267669236326
1120,,4.881640625,0.00029998389455956366,0.3303721249103546,,52.05517918019102
1130,,4.815234375,0.0002999810492237037,0.31992363929748535,,52.183562080050855
1140,,4.869921875,0.00029997797258222037,0.3741571307182312,,52.31341278724923
1150,,4.905859375,0.00029997466464038553,0.43960484862327576,,52.42890941685444
1160,,4.875390625,0.00029997112540386785,0.3957955837249756,,52.54997639492187
1170,,4.83515625,0.00029996735487873235,0.36502978205680847,,52.66910956483952
1180,,4.877734375,0.00029996335307144,0.37350261211395264,,52.78218005023591
1190,,4.908203125,0.00029995911998884864,0.32481828331947327,,52.90345905944415
1200,,4.8796875,0.00029995465563821197,0.33274778723716736,,53.023603316790116
1210,,4.81796875,0.00029994996002718013,0.40763166546821594,,53.14313764889095
1220,,4.820703125,0.00029994503316379975,0.3372655510902405,,53.24437563359735
1230,,4.861328125,0.0002999398750565135,0.3544198274612427,,53.36176373673209
1240,,4.89140625,0.00029993448571416037,0.38869351148605347,,53.476648512730165
1250,,4.86484375,0.00029992886514597567,0.33332347869873047,,53.58321609756371
1260,,4.751171875,0.0002999230133615909,0.3681890070438385,,53.6863418409276
1270,,4.84140625,0.0002999169303710337,0.3513883948326111,,53.79611238506433
1280,,4.8625,0.00029991061618472805,0.4774996340274811,,53.90319557946153
1290,,4.845703125,0.000299904070813494,0.4853682219982147,,54.00366406128232
1300,,4.83671875,0.0002998972942685477,0.36440321803092957,,54.10972216092981
1310,,4.884765625,0.00029989028656150177,0.3779807388782501,,54.20780445081799
1320,,4.8359375,0.00029988304770436447,0.5071877241134644,,54.30990800881831
1330,,4.850390625,0.0002998755777095407,0.4645846486091614,,54.39704193093211
1340,,4.823046875,0.000299867876589831,0.6401436924934387,,54.49772530987519
1350,,4.85625,0.00029985994435843203,0.5370846390724182,,54.59823298292066
1360,,4.864453125,0.0002998517810289367,0.5325300693511963,,54.68721196176307
1370,,4.753125,0.00029984338661533387,0.44024965167045593,,54.783622529836244
1380,,4.8015625,0.00029983476113200835,0.40569204092025757,,54.88195789832276
1390,,4.819140625,0.0002998259045937407,0.501183271408081,,54.979123317389174
1400,,4.810546875,0.00029981681701570775,0.43261703848838806,,55.05888424482644
1410,,4.787890625,0.00029980749841348217,0.462350070476532,,55.151648112788536
1420,,4.769921875,0.00029979794880303243,0.41994985938072205,,55.2397643979837
1430,,4.7828125,0.0002997881682007228,0.5176503658294678,,55.33296671971706
1440,,4.72109375,0.0002997781566233137,0.48511409759521484,,55.407561488260974
1450,,4.830078125,0.00029976791408796075,0.5365893840789795,,55.492974214312326
1460,,4.78046875,0.0002997574406122161,0.4795047640800476,,55.581377643405816
1470,,4.796875,0.00029974673621402706,0.4054579734802246,,55.65297262536663
1480,,4.74140625,0.00029973580091173686,0.624272346496582,,55.73702348288606
1490,,4.801171875,0.0002997246347240844,0.43938392400741577,,55.819779487720986
1500,,4.845703125,0.0002997132376702043,0.5004176497459412,3.885906934738159,55.81784066532244
1510,,4.786328125,0.0002997016097696267,0.7723045945167542,,55.90118690963718
1520,,4.828125,0.0002996897510422773,0.515991747379303,,55.984443851133875
1530,,4.791015625,0.0002996776615084775,0.7328375577926636,,56.06709208955389
1540,,4.68203125,0.000299665341188944,0.7756180167198181,,56.12323640002114
1550,,4.7984375,0.0002996527901047893,0.607424795627594,,56.200730132082505
1560,,4.8140625,0.0002996400082775208,0.5368210673332214,,56.27524259211678
1570,,4.846484375,0.00029962699572904186,0.45597973465919495,,56.338202999264126
1580,,4.837109375,0.000299613752481651,0.6110430955886841,,56.415460559597584
1590,,4.814453125,0.000299600278558042,0.5633026361465454,,56.48501035258168
1600,,4.829296875,0.0002995865739813039,0.5369693040847778,,56.56208925470091
1610,,4.782421875,0.0002995726387749212,0.6741316318511963,,56.61970435601236
1620,,4.78046875,0.00029955847296277345,0.49996212124824524,,56.6930173565623
1630,,4.7796875,0.0002995440765691355,0.6761853098869324,,56.7660378534713
1640,,4.794921875,0.000299529449618677,0.6101341843605042,,56.836054365397096
1650,,4.846875,0.0002995145921364631,0.5761180520057678,,56.902100429972286
1660,,4.748828125,0.0002994995041479538,0.8062245845794678,,56.9740493686117
1670,,4.8,0.000299484185679004,0.7791333198547363,,57.043709541406045
1680,,4.823828125,0.00029946863675586375,0.5552429556846619,,57.1036372769175
1690,,4.667578125,0.00029945285740517796,0.592689573764801,,57.16893750526605
1700,,4.72421875,0.00029943684765398643,0.7182592153549194,,57.238253510335156
1710,,4.747265625,0.00029942060752972347,0.6457920074462891,,57.30414628576162
1720,,4.77890625,0.0002994041370602186,0.7451803684234619,,57.35889407211388
1730,,4.77421875,0.0002993874362736958,1.0303599834442139,,57.42406552087067
1740,,4.751171875,0.00029937050519877396,0.6157078742980957,,57.49081505227
1750,,4.6515625,0.00029935334386446623,0.9079949855804443,,57.54358362597724
1760,,4.794921875,0.0002993359523001805,0.6547760367393494,,57.60946537798336
1770,,4.766015625,0.0002993183305357195,0.7276257872581482,,57.67359385911147
1780,,4.805078125,0.0002993004786012799,0.6999331712722778,,57.74101962529712
1790,,4.7453125,0.00029928239652745323,0.8253085017204285,,57.79380096512007
1800,,4.8046875,0.00029926408434522507,0.8168895244598389,,57.856271075714524
1810,,4.7515625,0.00029924554208597557,0.7572227120399475,,57.921568768075005
1820,,4.752734375,0.0002992267697814789,0.8096215128898621,,57.966064000221124
1830,,4.808203125,0.00029920776746390374,0.636221706867218,,58.02712547418021
1840,,4.68515625,0.00029918853516581263,1.011030673980713,,58.08983561697886
1850,,4.82890625,0.0002991690729201624,0.9530516266822815,,58.1514643935423
1860,,4.698828125,0.0002991493807603038,0.7336492538452148,,58.2017888946776
1870,,4.8140625,0.0002991294587199817,0.8837096691131592,,58.262953010546205
1880,,4.681640625,0.00029910930683333466,0.778733491897583,,58.32202847418025
1890,,4.802734375,0.00029908892513489554,0.7330088019371033,,58.36392392514496
1900,,4.759765625,0.0002990683136595905,0.9213836193084717,,58.42260573823444
1910,,4.744140625,0.00029904747244273975,0.9022099375724792,,58.480582731433806
1920,,4.704296875,0.0002990264015200571,1.1685078144073486,,58.540117265838894
1930,,4.722265625,0.0002990051009276501,0.8585602641105652,,58.5899795714752
1940,,4.748828125,0.0002989835707020198,0.6539533734321594,,58.6464222704695
1950,,4.755078125,0.0002989618108800605,1.10793936252594,,58.70183795215219
1960,,4.72421875,0.0002989398214990604,0.7111656665802002,,58.75530521828571
1970,,4.658203125,0.0002989176025967007,0.8322731256484985,,58.803652055735114
1980,,4.734375,0.00029889515421105623,0.7736340165138245,,58.855036530535266
1990,,4.692578125,0.00029887247638059474,0.6355647444725037,,58.90621469066905
2000,,4.684765625,0.00029884956914417733,0.7968187928199768,3.839369297027588,58.88414352594428
2010,,4.821875,0.0002988264325410582,0.8878340721130371,,58.93583601646298
2020,,4.724609375,0.0002988030666108846,1.0526436567306519,,58.982167775963816
2030,,4.737109375,0.00029877947139369686,0.7538129091262817,,59.02501640712775
2040,,4.749609375,0.00029875564692992797,0.7576379179954529,,59.07852858522518
2050,,4.6890625,0.0002987315932604039,0.7815428972244263,,59.130862090886616
2060,,4.68515625,0.00029870731042634343,0.9506679177284241,,59.18039419434935
2070,,4.762890625,0.0002986827984693581,0.8850168585777283,,59.22880551149431
2080,,4.6884765625,0.0002986580574314519,0.862858235836029,,59.27504891363112
2090,,4.753125,0.0002986330873550213,0.7096142172813416,,59.3271864016367
2100,,4.75234375,0.0002986078882828557,0.747697651386261,,59.37565877167991
2110,,4.786328125,0.00029858246025813644,0.7057045698165894,,59.41708800631807
2120,,4.703515625,0.0002985568033244374,0.7230556011199951,,59.468089668368286
2130,,4.69765625,0.00029853091752572475,1.1364988088607788,,59.51699107050024
2140,,4.75390625,0.00029850480290635674,0.9171624779701233,,59.55610878792486
2150,,4.7640625,0.00029847845951108383,0.764556348323822,,59.60344515740006
2160,,4.701953125,0.0002984518873850484,0.7260692119598389,,59.64789733792264
2170,,4.7234375,0.000298425086573785,0.767492949962616,,59.69351798813259
2180,,4.71640625,0.00029839805712321974,0.9567194581031799,,59.73206333931086
2190,,4.679296875,0.00029837079907967087,0.7932143807411194,,59.77691089044993
2200,,4.7328125,0.0002983433124898481,0.9351621270179749,,59.82129815398208
2210,,4.69453125,0.0002983155974008529,0.7748104333877563,,59.85928004929566
2220,,4.783203125,0.0002982876538601783,0.7359175086021423,,59.90537421826418
2230,,4.755859375,0.0002982594819157088,1.148276448249817,,59.952021194329035
2240,,4.57734375,0.0002982310816157201,0.8339114189147949,,59.99438410773369
2250,,4.727734375,0.00029820245300887966,0.8601232171058655,,60.02122256133732
2260,,4.7078125,0.0002981735961442457,0.9985337853431702,,60.0624367242884
2270,,4.737109375,0.00029814451107126796,0.9023500680923462,,60.10483213095199
2280,,4.725,0.00029811519783978703,0.8705453276634216,,60.135315782510524
2290,,4.775,0.00029808565650003436,0.8194957971572876,,60.17655323707384
2300,,4.69296875,0.00029805588710263265,0.946701169013977,,60.21611525546059
2310,,4.711328125,0.0002980258896985951,0.929071307182312,,60.25774739799713
2320,,4.677734375,0.00029799566433932575,0.7411157488822937,,60.288640076540695
2330,,4.637890625,0.00029796521107661926,1.0306670665740967,,60.32649783567965
2340,,4.72890625,0.0002979345299626608,1.1491584777832031,,60.36593127736878
2350,,4.641015625,0.00029790362105002594,0.891523540019989,,60.40181999880711
2360,,4.778125,0.00029787248439168076,0.8304976224899292,,60.44002476228435
2370,,4.7078125,0.0002978411200409816,0.8423490524291992,,60.4803819519832
2380,,4.706640625,0.00029780952805167466,0.7458798289299011,,60.52106528153995
2390,,4.6953125,0.0002977777084778966,0.9739450216293335,,60.55214882313065
2400,,4.666015625,0.00029774566137417404,0.7395461797714233,,60.59310047162835
2410,,4.699609375,0.0002977133867954232,1.0494414567947388,,60.632556618921356
2420,,4.688671875,0.0002976808847969505,0.8984439969062805,,60.67109375326418
2430,,4.7015625,0.0002976481554344516,1.0376871824264526,,60.70533798942537
2440,,4.694140625,0.0002976151987640123,1.018365502357483,,60.739692658549316
2450,,4.681640625,0.0002975820148421076,0.9796879291534424,,60.77818880225544
2460,,4.71171875,0.00029754860372560186,0.7160530090332031,,60.810536570045834
2470,,4.677734375,0.000297514965471749,0.7752271294593811,,60.849901292989735
2480,,4.7265625,0.00029748110013819206,0.9471815228462219,,60.88972747817126
2490,,4.8015625,0.00029744700778296324,0.8083095550537109,,60.92729905803893
2500,,4.7765625,0.0002974126884644836,0.995976448059082,3.9725584983825684,60.906659180966635
2510,,4.6671875,0.0002973781422415633,0.826869010925293,,60.945815308882516
2520,,4.654296875,0.0002973433691734013,0.8238283395767212,,60.9837551433976
2530,,4.630859375,0.00029730836931958536,0.9128048419952393,,61.013177764021364
2540,,4.689453125,0.0002972731427400916,0.7944611310958862,,61.04926368168692
2550,,4.7734375,0.000297237689495285,0.9895614385604858,,61.084963999052796
2560,,4.655859375,0.0002972020096459186,0.9657235145568848,,61.1207321679084
2570,,4.71328125,0.0002971661032531342,0.993173360824585,,61.151158555220434
2580,,4.745703125,0.0002971299703784613,1.031593680381775,,61.18389630179276
2590,,4.692578125,0.000297093611083818,1.0899287462234497,,61.219935802640485
2600,,4.703515625,0.00029705702543150996,0.9260157942771912,,61.2430440587234
2610,,4.75859375,0.0002970202134842309,1.0260624885559082,,61.27822810534803
2620,,4.6578125,0.00029698317530506247,0.9969602227210999,,61.311719085840984
2630,,4.726953125,0.0002969459109574739,0.942463219165802,,61.34676663682327
2640,,4.6203125,0.0002969084205053218,0.9285590648651123,,61.36145859955322
2650,,4.713671875,0.0002968707040128505,0.8583218455314636,,61.37635471507294
2660,,4.7109375,0.0002968327615446916,1.090692162513733,,61.39038389704588
2670,,4.70859375,0.0002967945931658637,1.2892478704452515,,61.40176773818299
2680,,4.717578125,0.000296756198941773,0.9254530072212219,,61.41920551046818
2690,,4.6828125,0.0002967175789382123,0.789501965045929,,61.43587109533409
2700,,4.726953125,0.00029667873322136143,1.0839364528656006,,61.42940482742584
2710,,4.71875,0.000296639661857787,0.9384148716926575,,61.40080483570608
2720,,4.705859375,0.00029660036491444236,0.8511684536933899,,61.43143046013651
2730,,4.726171875,0.00029656084245866735,1.1362247467041016,,61.453111148939215
2740,,4.673828125,0.0002965210945581883,0.8158529996871948,,61.48529175731496
2750,,4.6453125,0.00029648112128111777,0.9494227170944214,,61.516081696118036
2760,,4.641796875,0.0002964409226959545,1.0197914838790894,,61.54964903243317
2770,,4.639453125,0.00029640049887158363,0.803286612033844,,61.57662606978266
2780,,4.6625,0.0002963598498772759,0.9666498899459839,,61.60725103060708
2790,,4.698828125,0.0002963189757826881,0.9415714144706726,,61.63873495266587
2800,,4.702734375,0.0002962778766578627,0.9437740445137024,,61.66515081707938
2810,,4.690234375,0.0002962365525732278,0.778404176235199,,61.6874576163491
2820,,4.70546875,0.00029619500359959704,1.0062179565429688,,61.7173655580533
2830,,4.646875,0.0002961532298081693,1.1422836780548096,,61.749348699070644
2840,,4.66875,0.0002961112312705288,1.0784485340118408,,61.77650026082185
2850,,4.654296875,0.00029606900805864505,0.9047001004219055,,61.80377857818182
2860,,4.65078125,0.0002960265602448723,1.0568937063217163,,61.8315012635663
2870,,4.62890625,0.00029598388790194965,0.9469599723815918,,61.8571348034294
2880,,4.65390625,0.0002959409911030014,1.001937985420227,,61.880918857705765
2890,,4.701953125,0.0002958978699215358,1.1676751375198364,,61.909219926442695
2900,,4.702734375,0.0002958545244314462,0.8761339783668518,,61.93856508962224
2910,,4.6625,0.00029581095470701004,1.0540412664413452,,61.95830132604223
2920,,4.607421875,0.00029576716082288913,1.0175886154174805,,61.987004194962374
2930,,4.60078125,0.00029572314285412936,1.0154635906219482,,62.010131126489824
2940,,4.706640625,0.0002956789008761605,1.1043052673339844,,62.03864273371641
2950,,4.65625,0.0002956344349647965,1.0431208610534668,,62.0555447623077
2960,,4.726171875,0.00029558974519623455,1.1127004623413086,,62.08423423010078
2970,,4.741015625,0.0002955448316470559,1.0628418922424316,,62.11362054828755
2980,,4.67109375,0.00029549969439422513,1.1845877170562744,,62.13617018754993
2990,,4.69375,0.00029545433351509,1.2138034105300903,,62.162498755235134
3000,,4.6734375,0.0002954087490873818,1.0938118696212769,4.0,62.137587566129916
3010,,4.68203125,0.00029536294118921453,1.0213415622711182,,62.161098918040786
3020,,4.744921875,0.00029531690989908555,0.8571234941482544,,62.18078707738254
3030,,4.504296875,0.00029527065529587457,0.855638325214386,,62.20925000147829
3040,,4.6625,0.00029522417745884424,1.164879322052002,,62.23591471208587
3050,,4.655859375,0.00029517747646763974,1.2542688846588135,,62.257738107297634
3060,,4.7,0.0002951305524022886,0.996049165725708,,62.28483799962199
3070,,4.659765625,0.00029508340534320076,0.8732472062110901,,62.310996205878084
3080,,4.71171875,0.00029503603537116795,1.1705255508422852,,62.33284920848956
3090,,4.61171875,0.0002949884425673642,0.8362194299697876,,62.352434640809804
3100,,4.695703125,0.00029494062701334526,1.1077791452407837,,62.37820283391268
3110,,4.637109375,0.0002948925887910486,1.0183663368225098,,62.40293916961225
3120,,4.576953125,0.0002948443279827932,1.0961436033248901,,62.41976393301334
3130,,4.652734375,0.0002947958446712797,1.3589245080947876,,62.44404264242632
3140,,4.599609375,0.0002947471389395897,1.0389363765716553,,62.46924292864401
3150,,4.70234375,0.0002946982108711861,0.8674056529998779,,62.49071434932705
3160,,4.645703125,0.000294649060549913,0.7541881799697876,,62.50965755061564
3170,,4.662109375,0.0002945996880599948,1.0014584064483643,,62.53456643843272
3180,,4.728515625,0.00029455009348603736,0.8743242025375366,,62.561619802293286
3190,,4.62421875,0.0002945002769130264,0.8183077573776245,,62.58019216956458
3200,,4.70625,0.0002944502384263285,0.9797332286834717,,62.60600590859197
3210,,4.61015625,0.0002943999781116905,0.8070844411849976,,62.63130407393273
3220,,4.664453125,0.00029434949605523905,0.99864262342453,,62.65645752271775
3230,,4.672265625,0.000294298792343481,0.9410662651062012,,62.67693427799088
3240,,4.658984375,0.0002942478670633033,1.102097988128662,,62.70172451157493
3250,,4.64765625,0.00029419672030197186,1.1225109100341797,,62.72484580885823
3260,,4.623828125,0.00029414535214713296,1.1461700201034546,,62.74138607610038
3270,,4.6515625,0.00029409376268681175,1.1167497634887695,,62.76212548009143
3280,,4.694921875,0.0002940419520094126,1.1222819089889526,,62.78266405469667
3290,,4.719140625,0.00029398992020371914,1.3655699491500854,,62.80662957514845
3300,,4.717578125,0.00029393766735889403,1.206756353378296,,62.82127183907515
3310,,4.666015625,0.0002938851935644784,1.2384977340698242,,62.84377891890139
3320,,4.688671875,0.0002938324989103922,1.1677228212356567,,62.86761417719403
3330,,4.686328125,0.00029377958348693377,0.8872613310813904,,62.883489890814666
3340,,4.61328125,0.00029372644738477995,1.0817935466766357,,62.907309932530275
3350,,4.64140625,0.0002936730906949854,0.956266462802887,,62.93098733586583
3360,,4.76953125,0.0002936195135089831,1.0179399251937866,,62.954690523683865
3370,,4.701171875,0.00029356571591858383,0.8570628762245178,,62.97382210391861
3380,,4.668359375,0.00029351169801597574,1.0359548330307007,,62.998117123961954
3390,,4.67734375,0.0002934574598937249,1.4904379844665527,,63.01905311889606
3400,,4.7328125,0.0002934030016447745,1.0387922525405884,,63.04100728157593
3410,,4.6890625,0.00029334832336244513,1.0569233894348145,,63.05882574113034
3420,,4.686328125,0.0002932934251404344,1.269387125968933,,63.07873041908753
3430,,4.730078125,0.00029323830707281664,0.9620293974876404,,63.10142917947038
3440,,4.6625,0.00029318296925404303,0.9657328128814697,,63.116524530235516
3450,,4.7390625,0.00029312741177894136,1.1165006160736084,,63.13755553238483
3460,,4.66796875,0.00029307163474271574,1.5855909585952759,,63.158867810234085
3470,,4.63671875,0.00029301563824094673,1.0290201902389526,,63.1805062329077
3480,,4.6609375,0.00029295942236959055,1.023004174232483,,63.19666500941249
3490,,4.686328125,0.00029290298722497977,1.1325477361679077,,63.217929621016694
3500,,4.68046875,0.0002928463329038225,1.1577125787734985,3.83085560798645,63.195345949962245
3510,,4.698046875,0.0002927894595032024,0.8649810552597046,,63.208295160391486
3520,,4.707421875,0.0002927323671205786,0.9262239336967468,,63.229218860445535
3530,,4.616796875,0.0002926750558537856,1.011843204498291,,63.25016285560681
3540,,4.621484375,0.00029261752580103293,1.0785441398620605,,63.270890933859675
3550,,4.6984375,0.00029255977706090473,1.0363134145736694,,63.28641770922527
3560,,4.669140625,0.0002925018097323604,0.7635997533798218,,63.30511700726233
3570,,4.726953125,0.00029244362391473344,1.0333672761917114,,63.32557705252409
3580,,4.518359375,0.0002923852197077322,1.4221019744873047,,63.33561534774695
3590,,4.708984375,0.0002923265972114388,1.1952694654464722,,63.356250749295825
3600,,4.68828125,0.00029226775652630983,0.9762877821922302,,63.375876437448156
3610,,4.733984375,0.0002922086977531755,1.2632886171340942,,63.397015060331626
3620,,4.62421875,0.00029214942099323995,0.9526994824409485,,63.40866316200626
3630,,4.56640625,0.00029208992634808064,0.9832867980003357,,63.428749350244075
3640,,4.584765625,0.0002920302139196486,0.9953874945640564,,63.447352958609954
3650,,4.61015625,0.00029197028381026783,0.9737163186073303,,63.46251394951958
3660,,4.638671875,0.0002919101361226358,1.3845620155334473,,63.48084556588366
3670,,4.58671875,0.0002918497709598222,0.9078212976455688,,63.49749520789325
3680,,4.672265625,0.00029178918842526994,1.0009526014328003,,63.51526711637612
3690,,4.738671875,0.000291728388622794,1.1089752912521362,,63.52214831575978
3700,,4.644921875,0.00029166737165658204,0.9757099151611328,,63.53796237438786
3710,,4.608203125,0.0002916061376311936,1.2250176668167114,,63.558014312973036
3720,,4.686328125,0.0002915446866515602,1.5148448944091797,,63.574979190992536
3730,,4.6609375,0.0002914830188229853,0.8250706195831299,,63.594862202257445
3740,,4.6625,0.00029142113425114377,0.9588701128959656,,63.61372768020666
3750,,4.641015625,0.00029135903304208213,1.4326125383377075,,63.633698940206635
3760,,4.6453125,0.00029129671530221776,1.1060945987701416,,63.64580013946188
3770,,4.65234375,0.0002912341811383394,1.0574815273284912,,63.66341792462085
3780,,4.60234375,0.0002911714306576066,1.1906555891036987,,63.68141667366496
3790,,4.65078125,0.0002911084639675495,1.3591203689575195,,63.69344189241612
3800,,4.63984375,0.00029104528117606884,1.542282223701477,,63.71255887778885
3810,,4.68515625,0.0002909818823914357,0.9403349161148071,,63.732091432084935
3820,,4.596875,0.0002909182677222911,1.1245375871658325,,63.750372864633896
3830,,4.640234375,0.00029085443727764606,1.0741442441940308,,63.76000627971701
3840,,4.645703125,0.00029079039116688174,1.1973085403442383,,63.77615517904356
3850,,4.56796875,0.0002907261294997482,1.2035962343215942,,63.79429484198392
3860,,4.669140625,0.0002906616523863653,1.0358936786651611,,63.80861473598788
3870,,4.5296875,0.0002905969599372222,1.2441333532333374,,63.826390243130206
3880,,4.612109375,0.0002905320522631769,1.237465262413025,,63.84467556127796
3890,,4.69921875,0.0002904669294754559,1.3329349756240845,,63.86385091377954
3900,,4.644140625,0.0002904015916856548,1.0475547313690186,,63.875085529423195
3910,,4.616015625,0.00029033603900573753,0.9696950316429138,,63.89162031600298
3920,,4.64609375,0.00029027027154803614,1.094000220298767,,63.90838552716308
3930,,4.545703125,0.00029020428942525065,1.2913949489593506,,63.917163653230006
3940,,4.711328125,0.00029013809275044915,1.3379161357879639,,63.93307934748508
3950,,4.626171875,0.00029007168163706736,1.058830738067627,,63.950028170820765
3960,,4.659375,0.00029000505619890824,1.0455448627471924,,63.96735606862953
3970,,4.526171875,0.0002899382165501422,0.85658198595047,,63.97606275829481
3980,,4.65,0.0002898711628053068,0.9850791096687317,,63.99052261322224
3990,,4.695703125,0.0002898038950793064,1.162082552909851,,64.00716740072785
4000,,4.6359375,0.0002897364134874118,1.2086738348007202,3.7539336681365967,63.978416217060136
4010,,4.63828125,0.0002896687181452608,1.2495942115783691,,63.99491010324006
4020,,4.73046875,0.0002896008091688569,1.1914016008377075,,64.01158067682294
4030,,4.6359375,0.0002895326866745702,1.3459687232971191,,64.02718105862326
4040,,4.66328125,0.00028946435077913633,0.793380081653595,,64.03754691225981
4050,,4.6671875,0.0002893958015996569,1.3245164155960083,,64.05471228995069
4060,,4.593359375,0.00028932703925359867,1.2667834758758545,,64.07124464991374
4070,,4.659765625,0.00028925806385879393,1.411124348640442,,64.08147836783436
4080,,4.594140625,0.00028918887553344014,1.2290006875991821,,64.09792481213732
4090,,4.692578125,0.00028911947439609923,1.0347864627838135,,64.11508063265796
4100,,4.630078125,0.0002890498605656981,1.1446590423583984,,64.13151684818108
4110,,4.60234375,0.0002889800341615283,1.0533136129379272,,64.1434248841322
4120,,4.773828125,0.00028890999530324527,1.1499567031860352,,64.15670695730982
4130,,4.665234375,0.0002888397441108688,0.9813022017478943,,64.17430344117902
4140,,4.575,0.00028876928070478236,1.1351224184036255,,64.18460472667708
4150,,4.640625,0.00028869860520573307,1.1230119466781616,,64.20176477417215
4160,,4.721484375,0.0002886277177348316,1.063583254814148,,64.21782990681727
4170,,4.6453125,0.00028855661841355195,1.3509351015090942,,64.23355421467124
4180,,4.659375,0.00028848530736373093,1.1228063106536865,,64.24598754422662
4190,,4.667578125,0.0002884137847075682,0.9442851543426514,,64.26290079524387
4200,,4.65859375,0.0002883420505676262,1.2304552793502808,,64.27928896513434
4210,,4.65625,0.00028827010506682956,1.242171287536621,,64.29174148276833
4220,,4.67109375,0.00028819794832846525,1.2196364402770996,,64.3078675932527
4230,,4.6015625,0.0002881255804761823,1.0050321817398071,,64.3239546429095
4240,,4.611328125,0.00028805300163399115,1.0659003257751465,,64.33953875076271
4250,,4.696875,0.00028798021192626426,1.0584226846694946,,64.34935391029191
4260,,4.656640625,0.00028790721147773507,1.181778907775879,,64.36210220520555
4270,,4.641796875,0.0002878340004134984,1.0334235429763794,,64.37641326020655
4280,,4.75078125,0.00028776057885900963,1.0890071392059326,,64.38918932909446
4290,,4.5984375,0.00028768694694008537,1.0029338598251343,,64.39988894633346
4300,,4.61875,0.00028761310478290223,1.3534284830093384,,64.41446481972845
4310,,4.66953125,0.00028753905251399734,0.9763359427452087,,64.43005566529773
4320,,4.673046875,0.0002874647902602679,0.8632552623748779,,64.4417058094379
4330,,4.6359375,0.0002873903181489707,1.1536504030227661,,64.45621077291027
4340,,4.6296875,0.00028731563630772234,1.1582010984420776,,64.47125111369517
4350,,4.639453125,0.0002872407448644989,0.9974851012229919,,64.48578483249987
4360,,4.676953125,0.0002871656439476354,1.105120301246643,,64.49644576024421
4370,,4.631640625,0.000287090333685826,1.2057528495788574,,64.51122847907826
4380,,4.7421875,0.0002870148142081236,1.7235124111175537,,64.52399323280747
4390,,4.54765625,0.00028693908564393937,1.133560061454773,,64.53376712224991
4400,,4.67109375,0.00028686314812304307,1.2311663627624512,,64.54506501313601
4410,,4.6890625,0.0002867870017755624,1.2688366174697876,,64.56016658578066
4420,,4.58359375,0.0002867106467319829,1.1571651697158813,,64.57463372660945
4430,,4.64453125,0.0002866340831231478,1.142684817314148,,64.58005662735181
4440,,4.644921875,0.0002865573110802577,1.0622636079788208,,64.59389253094483
4450,,4.6703125,0.00028648033073487035,1.333640456199646,,64.60783025400018
4460,,4.667578125,0.00028640314221890046,1.0939713716506958,,64.61947493840991
4470,,4.618359375,0.0002863257456646194,1.1427865028381348,,64.6326905972587
4480,,4.696484375,0.0002862481412046553,1.1781545877456665,,64.64704051202611
4490,,4.6984375,0.0002861703289719921,0.8942430019378662,,64.66154841590026
4500,,4.72109375,0.0002860923090999703,1.225987195968628,3.8595213890075684,64.6292982948604
4510,,4.62890625,0.00028601408172228586,1.0412867069244385,,64.64234069169734
4520,,4.65859375,0.00028593564697299034,1.027510404586792,,64.65512664629806
4530,,4.6125,0.00028585700498649086,0.9633737206459045,,64.66615126917424
4540,,4.5953125,0.00028577815589754963,1.1557844877243042,,64.67811654961085
4550,,4.68515625,0.0002856990998412834,1.4674137830734253,,64.69169868785576
4560,,4.581640625,0.0002856198369531642,1.2897380590438843,,64.70164650647295
4570,,4.69921875,0.00028554036736901784,1.0134356021881104,,64.71138342511541
4580,,4.673046875,0.0002854606912250249,1.3373132944107056,,64.72413495941993
4590,,4.65234375,0.00028538080865771935,1.1414955854415894,,64.73662607655545
4600,,4.638671875,0.00028530071980398947,0.9190881252288818,,64.74599179648906
4610,,4.528515625,0.0002852204248010767,1.451375126838684,,64.75930255321418
4620,,4.60546875,0.0002851399237865758,1.0393487215042114,,64.77194862196555
4630,,4.651953125,0.0002850592168984344,1.2013005018234253,,64.78431220792707
4640,,4.609765625,0.0002849783042749533,1.3624770641326904,,64.79317664520195
4650,,4.579296875,0.0002848971860547855,1.1114815473556519,,64.80681380893927
4660,,4.644140625,0.00028481586237693647,1.4728596210479736,,64.82017565581943
4670,,4.663671875,0.0002847343333807638,1.3553611040115356,,64.82738922123984
4680,,4.644921875,0.00028465259920597676,1.2950352430343628,,64.83717616127593
4690,,4.6484375,0.00028457065999263633,1.0670933723449707,,64.85127138574445
4700,,4.53984375,0.0002844885158811548,1.1622469425201416,,64.86291187076155
4710,,4.516796875,0.00028440616701229566,1.283005714416504,,64.86804548936622
4720,,4.671875,0.00028432361352717314,1.1417596340179443,,64.88070254174978
4730,,4.596484375,0.0002842408555672522,1.4211194515228271,,64.8928100428695
4740,,4.6109375,0.0002841578932743481,1.1962957382202148,,64.89938423476352
4750,,4.6515625,0.0002840747267906264,1.019413948059082,,64.91188905528357
4760,,4.58203125,0.0002839913562586025,1.4848642349243164,,64.9238495519008
4770,,4.63203125,0.0002839077818211414,1.0935224294662476,,64.93489827626647
4780,,4.612890625,0.00028382400362145753,1.2934439182281494,,64.93948438988264
4790,,4.5390625,0.00028374002180311464,1.273219347000122,,64.95138625079312
4800,,4.629296875,0.00028365583651002505,1.2630558013916016,,64.96382330185013
4810,,4.6796875,0.0002835714478864501,1.0078233480453491,,64.97248860841547
4820,,4.60625,0.00028348685607699955,0.9919899702072144,,64.9841399709306
4830,,4.55625,0.00028340206122663106,1.2421772480010986,,64.99721906004659
4840,,4.676953125,0.0002833170634806506,1.2311601638793945,,65.00991915000242
4850,,4.64296875,0.00028323186298471136,1.070325255393982,,65.01470792465899
4860,,4.671875,0.00028314645988481455,1.35184907913208,,65.02715436362271
4870,,4.580078125,0.000283060854327308,1.504265546798706,,65.0392589040033
4880,,4.56953125,0.00028297504645888685,1.0178414583206177,,65.04346568680513
4890,,4.667578125,0.0002828890364265928,1.6141303777694702,,65.05481553808734
4900,,4.71171875,0.0002828028243778139,1.501280665397644,,65.06627852652127
4910,,4.588671875,0.0002827164104602845,1.3113542795181274,,65.07729474386274
4920,,4.64375,0.00028262979482208484,1.5216153860092163,,65.08212431722862
4930,,4.696484375,0.00028254297761164083,1.153839111328125,,65.09446469162313
4940,,4.615625,0.00028245595897772376,1.002759337425232,,65.10450576176991
4950,,4.6328125,0.00028236873906945013,1.3253673315048218,,65.11170822668076
4960,,4.632421875,0.00028228131803628123,1.4195345640182495,,65.11966860761149
4970,,4.66015625,0.00028219369602802333,1.0992431640625,,65.12933011216124
4980,,4.645703125,0.0002821058731948267,1.3231934309005737,,65.14057086014165
4990,,4.649609375,0.0002820178496871859,1.4042755365371704,,65.14642839719804
5000,,4.5849609375,0.0002819296256559395,1.3150664567947388,3.8524413108825684,65.12497370074932
5010,,4.643359375,0.0002818412012522694,1.2008198499679565,,65.08018620234817
5020,,4.666015625,0.00028175257662770123,1.6220042705535889,,65.08763798738178
5030,,4.634375,0.00028166375193410334,1.2567273378372192,,65.09839830196861
5040,,4.653515625,0.0002815747273236872,1.1736801862716675,,65.11021400016885
5050,,4.682421875,0.0002814855029490068,1.0203120708465576,,65.1147925138378
5060,,4.584375,0.0002813960789629584,0.9500661492347717,,65.12594765505489
5070,,4.604296875,0.0002813064555187803,1.2494653463363647,,65.13886351768704
5080,,4.6546875,0.00028121663277005254,1.8233457803726196,,65.15070826589769
5090,,4.608203125,0.00028112661087069694,1.4977091550827026,,65.15404481261247
5100,,4.57890625,0.00028103638997497627,1.2933539152145386,,65.16432655892267
5110,,4.57265625,0.0002809459702374946,1.5801453590393066,,65.17604187217054
5120,,4.659765625,0.0002808553518131965,1.046014428138733,,65.17764132202265
5130,,4.57109375,0.00028076453485736724,1.1927298307418823,,65.18751325645003
5140,,4.677734375,0.000280673519525632,1.0864126682281494,,65.19912431419863
5150,,4.673046875,0.00028058230597395616,1.6590138673782349,,65.20993489356941
5160,,4.50390625,0.00028049089435864464,1.4686154127120972,,65.21566969084354
5170,,4.619140625,0.0002803992848363419,1.013026237487793,,65.22717118670178
5180,,4.6875,0.00028030747756403133,1.068485975265503,,65.23740447194898
5190,,4.638671875,0.0002802154726990353,1.0998191833496094,,65.24315808059136
5200,,4.578125,0.0002801232703990149,1.1723405122756958,,65.25434631985047
5210,,4.614453125,0.00028003087082196913,1.130514144897461,,65.26460540610385
5220,,4.62890625,0.0002799382741262358,1.001786708831787,,65.27614436028261
5230,,4.62421875,0.0002798454804704896,1.5761860609054565,,65.28405779725418
5240,,4.58359375,0.0002797524900137434,1.1607435941696167,,65.2935804492476
5250,,4.587890625,0.00027965930291534724,1.093630075454712,,65.30404857119576
5260,,4.66328125,0.00027956591933498765,1.1525367498397827,,65.31121236439536
5270,,4.621875,0.00027947233943268835,1.2283456325531006,,65.32078652319258
5280,,4.4765625,0.00027937856336880933,1.4504098892211914,,65.3313900979698
5290,,4.62734375,0.0002792845913040467,1.1379514932632446,,65.3433581069515
5300,,4.61796875,0.0002791904233994324,1.6926486492156982,,65.34998642690127
5310,,4.619140625,0.0002790960598163341,1.1117150783538818,,65.36038646562683
5320,,4.6484375,0.0002790015007164547,1.1802749633789062,,65.3695495589643
5330,,4.658203125,0.00027890674626183194,1.4441670179367065,,65.37726024801898
5340,,4.590234375,0.0002788117966148388,1.1266380548477173,,65.3821050718731
5350,,4.605859375,0.0002787166519381823,1.11925208568573,,65.39226249772831
5360,,4.633203125,0.00027862131239490395,1.1788063049316406,,65.40162943152788
5370,,4.701171875,0.0002785257781483789,1.7589330673217773,,65.40789279544457
5380,,4.552734375,0.0002784300493623164,1.447400689125061,,65.41743640623041
5390,,4.630859375,0.0002783341262007585,1.0647883415222168,,65.42886194560187
5400,,4.559765625,0.0002782380088280807,1.0622197389602661,,65.43644458423177
5410,,4.59296875,0.0002781416974089913,1.0806199312210083,,65.44447734250942
5420,,4.734765625,0.0002780451921085311,1.527994155883789,,65.45403640564557
5430,,4.61171875,0.0002779484930920729,1.59639573097229,,65.4640927275198
5440,,4.575390625,0.0002778516005253217,1.2063472270965576,,65.47006752755502
5450,,4.57265625,0.0002777545145743142,1.3579086065292358,,65.48038878987718
5460,,4.60234375,0.0002776572354054183,1.4222759008407593,,65.4901098820524
5470,,4.685546875,0.0002775597631853331,1.1559895277023315,,65.4978917445156
5480,,4.60625,0.00027746209808108863,1.0440794229507446,,65.50230493600957
5490,,4.66484375,0.00027736424026004514,1.1968730688095093,,65.51184343999248
5500,,4.7,0.0002772661898898934,1.126306176185608,3.8521485328674316,65.49159428035426
5510,,4.63515625,0.0002771679471386541,1.9633821249008179,,65.49356012103897
5520,,4.491796875,0.00027706951217467747,1.087039589881897,,65.50229046103253
5530,,4.580859375,0.0002769708851666433,1.5060409307479858,,65.51182455965582
5540,,4.634765625,0.0002768720662835602,1.263175368309021,,65.51457121407303
5550,,4.5953125,0.00027677305569476587,1.1431429386138916,,65.52438971272596
5560,,4.615234375,0.0002766738535699263,1.4195656776428223,,65.53441375925779
5570,,4.59296875,0.0002765744600790359,1.2394943237304688,,65.54362132138519
5580,,4.544921875,0.00027647487539241684,1.120667576789856,,65.55109150885326
5590,,4.605078125,0.000276375099680719,1.109394907951355,,65.56117185422042
5600,,4.70859375,0.0002762751331149197,1.0023843050003052,,65.57059306168163
5610,,4.6671875,0.0002761749758663229,1.3382292985916138,,65.57706109580027
5620,,4.726171875,0.0002760746281065599,1.3094233274459839,,65.58712579183374
5630,,4.67890625,0.000275974090007588,1.2440929412841797,,65.59673505429934
5640,,4.555859375,0.000275873361741691,1.3780022859573364,,65.60652483312764
5650,,4.628125,0.0002757724434814783,0.972594141960144,,65.6113231053451
5660,,4.548046875,0.0002756713353998852,1.0248477458953857,,65.62077514318797
5670,,4.66015625,0.0002755700376701718,1.3656924962997437,,65.63034669799227
5680,,4.671484375,0.00027546855046592367,1.2215852737426758,,65.63768731645871
5690,,4.580859375,0.00027536687396105064,1.1265718936920166,,65.64317596815323
5700,,4.66484375,0.0002752650083297875,1.319655179977417,,65.65310692978461
5710,,4.672265625,0.00027516295374669243,1.3720322847366333,,65.66322429389584
5720,,4.640625,0.000275060710386648,1.1201295852661133,,65.66727104171754
5730,,4.648046875,0.00027495827842485983,1.1120541095733643,,65.6750596678841
5740,,4.67734375,0.00027485565803685706,1.4629342555999756,,65.68332779722427
5750,,4.696484375,0.0002747528493984915,1.339665174484253,,65.68929561049721
5760,,4.60390625,0.00027464985268593767,1.0928272008895874,,65.69609038013711
5770,,4.5455078125,0.0002745466680756923,1.149162769317627,,65.70430108326764
5780,,4.540625,0.0002744432957445742,1.2510263919830322,,65.71354879986511
5790,,4.5421875,0.00027433973586972373,1.3141535520553589,,65.71696995038907
5800,,4.61796875,0.00027423598862860276,1.393663763999939,,65.72478168705479
5810,,4.67109375,0.0002741320541989942,1.3765653371810913,,65.73413775999602
5820,,4.586328125,0.0002740279327590016,1.506773829460144,,65.74037370483649
5830,,4.58671875,0.0002739236244870491,1.0308771133422852,,65.74416560071337
5840,,4.63984375,0.0002738191295618811,1.1067513227462769,,65.7517064456709
5850,,4.5734375,0.00027371444816256163,1.2458522319793701,,65.76003587092552
5860,,4.6640625,0.00027360958046847436,1.1146215200424194,,65.76349779457313
5870,,4.617578125,0.0002735045266593222,1.2091240882873535,,65.77176555343773
5880,,4.61015625,0.0002733992869151271,1.5373742580413818,,65.78087170717494
5890,,4.631640625,0.00027329386141622934,1.4291316270828247,,65.78869168406477
5900,,4.662109375,0.0002731882503432877,1.215031385421753,,65.79446228895209
5910,,4.5921875,0.00027308245387727914,1.309938669204712,,65.80291184336542
5920,,4.584765625,0.000272976472199498,1.4619288444519043,,65.81013391230756
5930,,4.528515625,0.00027287030549155613,1.37263023853302,,65.81505064692966
5940,,4.633984375,0.0002727639539353825,1.2101006507873535,,65.82393504363777
5950,,4.506640625,0.0002726574177132228,1.681377649307251,,65.83189326914454
5960,,4.60625,0.000272550697007639,1.9042593240737915,,65.83976999944119
5970,,4.62578125,0.00027244379200150955,1.338462233543396,,65.84034011380731
5980,,4.621484375,0.00027233670287802843,1.4544562101364136,,65.84824597514859
5990,,4.590234375,0.0002722294298207053,1.0730043649673462,,65.85614597255348
6000,,4.58515625,0.0002721219730133648,1.0528658628463745,3.8944334983825684,65.83423026319544
6010,,4.619140625,0.0002720143326401468,1.453763484954834,,65.84206150954947
6020,,4.619140625,0.00027190650888550533,1.6189887523651123,,65.85014937697636
6030,,4.609765625,0.00027179850193420895,1.3776817321777344,,65.8553038570425
6040,,4.5984375,0.0002716903119713399,1.1368181705474854,,65.86232399619352
6050,,4.6671875,0.00027158193918229445,1.0632826089859009,,65.87088506186241
6060,,4.62265625,0.00027147338375278166,1.3965638875961304,,65.87911256430672
6070,,4.59296875,0.0002713646458688239,1.2564326524734497,,65.88335424706938
6080,,4.569140625,0.00027125572571675603,1.1616427898406982,,65.89111334136686
6090,,4.524609375,0.00027114662348322544,1.1029279232025146,,65.89851130181553
6100,,4.605078125,0.0002710373393551913,1.4074751138687134,,65.90509775228449
6110,,4.64609375,0.0002709278735199246,1.1058892011642456,,65.91099960746389
6120,,4.633203125,0.00027081822616500776,1.279721736907959,,65.91875355342741
6130,,4.549609375,0.00027070839747833414,1.3244593143463135,,65.92649399030972
6140,,4.6703125,0.0002705983876481079,1.6118993759155273,,65.93251623317398
6150,,4.492578125,0.0002704881968628436,1.2667452096939087,,65.93960668280693
6160,,4.625390625,0.00027037782531136594,0.9677667021751404,,65.94767599203276
6170,,4.614453125,0.00027026727318280914,1.758943796157837,,65.95330295595794
6180,,4.65078125,0.0002701565406666172,1.1322652101516724,,65.95895345074524
6190,,4.634765625,0.0002700456279525431,1.0578629970550537,,65.96724102270308
6200,,4.671875,0.00026993453523064853,1.3175032138824463,,65.97490236090822
6210,,4.565234375,0.0002698232626913037,1.344815731048584,,65.97713794533314
6220,,4.74375,0.00026971181052518696,1.1860147714614868,,65.98514420794861
6230,,4.633203125,0.0002696001789232845,1.1875760555267334,,65.99344070427541
6240,,4.612890625,0.00026948836807688995,1.2601584196090698,,66.00151911298069
6250,,4.60234375,0.00026937637817760413,1.175868272781372,,66.00438593383649
6260,,4.6359375,0.00026926420941733467,1.2193539142608643,,66.01252511462053
6270,,4.608984375,0.00026915186198829565,1.6842782497406006,,66.02093982785502
6280,,4.6390625,0.00026903933608300745,1.0507835149765015,,66.02470205760109
6290,,4.498046875,0.00026892663189429617,1.2255151271820068,,66.03187963404481
6300,,4.653515625,0.0002688137496152935,1.1144890785217285,,66.04020286290229
6310,,4.586328125,0.0002687006894394362,1.6000622510910034,,66.04817098677387
6320,,4.612109375,0.00026858745156046603,1.1139518022537231,,66.05236774889691
6330,,4.555078125,0.000268474036172429,1.2983222007751465,,66.06034173273056
6340,,4.609765625,0.0002683604434696757,1.4742720127105713,,66.06860977908016
6350,,4.529296875,0.00026824667364686017,1.5837057828903198,,66.07033997273778
6360,,4.5765625,0.0002681327268989403,1.188429832458496,,66.07775970771684
6370,,4.641796875,0.0002680186034211769,1.500793695449829,,66.0852436216755
6380,,4.54140625,0.0002679043034091339,1.0551040172576904,,66.09248865412661
6390,,4.541796875,0.00026778982705867734,1.2544811964035034,,66.09186986038208
6400,,4.67890625,0.00026767517456597576,1.3658231496810913,,66.0999142479206
6410,,4.5859375,0.0002675603461274995,1.3228096961975098,,66.10716857926462
6420,,4.61015625,0.0002674453419400204,1.187237024307251,,66.11103438204306
6430,,4.6296875,0.00026733016220061126,1.3458307981491089,,66.11886254865951
6440,,4.615234375,0.00026721480710664605,1.1638245582580566,,66.12584313038482
6450,,4.5765625,0.00026709927685579895,1.1986215114593506,,66.1326502767242
6460,,4.56015625,0.0002669835716460444,1.5746369361877441,,66.13316485120026
6470,,4.61484375,0.0002668676916756567,1.0852049589157104,,66.14083580491234
6480,,4.62421875,0.00026675163714320947,1.258268117904663,,66.1487814033632
6490,,4.57265625,0.00026663540824757565,1.1483533382415771,,66.15094466659401
6500,,4.5953125,0.0002665190051879268,0.9941524863243103,3.699911594390869,66.13025377288311
6510,,4.6671875,0.00026640242816373315,1.3720272779464722,,66.13678084067027
6520,,4.612890625,0.00026628567737476273,1.4726121425628662,,66.14172012865153
6530,,4.605078125,0.00026616875302108164,1.2172601222991943,,66.1478211280634
6540,,4.578125,0.00026605165530305314,1.0799710750579834,,66.15545600710537
6550,,4.56953125,0.00026593438442133787,1.23139488697052,,66.1633024462059
6560,,4.70859375,0.00026581694057689295,1.023626446723938,,66.16688765714959
6570,,4.637890625,0.0002656993239709719,1.6007254123687744,,66.17477400771095
6580,,4.595703125,0.0002655815348051244,1.4731422662734985,,66.18275903718212
6590,,4.6453125,0.0002654635732811959,1.1907200813293457,,66.19021389830431
6600,,4.570703125,0.0002653454396013271,1.3380781412124634,,66.19279914647596
6610,,4.591015625,0.0002652271339679535,1.293527603149414,,66.20101726117952
6620,,4.58125,0.0002651086565838057,1.01546311378479,,66.20885925247151
6630,,4.626953125,0.0002649900076519082,1.3972814083099365,,66.20935437683458
6640,,4.613671875,0.0002648711873755798,1.2559716701507568,,66.21738776519561
6650,,4.6140625,0.00026475219595843274,1.4896780252456665,,66.22474387160122
6660,,4.640625,0.00026463303360437255,1.1391797065734863,,66.2320272214472
6670,,4.594140625,0.00026451370051759767,1.2290887832641602,,66.23462039568243
6680,,4.58125,0.0002643941969025991,1.3398864269256592,,66.24190564655929
6690,,4.619921875,0.0002642745229641602,1.2712839841842651,,66.24907749108854
6700,,4.57109375,0.000264154678907356,1.1460548639297485,,66.2506759219554
6710,,4.620703125,0.00026403466493755317,1.7728193998336792,,66.25745908703499
6720,,4.60546875,0.00026391448126040953,1.4467642307281494,,66.26371153750276
6730,,4.634375,0.0002637941280818737,1.2541890144348145,,66.27102026814256
6740,,4.658984375,0.00026367360560818466,1.1560043096542358,,66.2743861729491
6750,,4.629296875,0.00026355291404587167,1.2973732948303223,,66.28090547414425
6760,,4.5421875,0.00026343205360175375,1.2996073961257935,,66.28840712896097
6770,,4.63046875,0.00026331102448293913,1.114886999130249,,66.29174161336901
6780,,4.52890625,0.00026318982689682515,1.0639787912368774,,66.29885285637413
6790,,4.66484375,0.00026306846105109794,1.2544575929641724,,66.3056072115578
6800,,4.6546875,0.00026294692715373195,1.2837820053100586,,66.31381996682438
6810,,4.53359375,0.0002628252254129895,1.249876856803894,,66.31678381303432
6820,,4.58671875,0.00026270335603742056,1.2462469339370728,,66.32274274745566
6830,,4.58671875,0.00026258131923586237,1.1921745538711548,,66.32984604342734
6840,,4.698046875,0.0002624591152174392,1.0638090372085571,,66.33284236137825
6850,,4.649609375,0.0002623367441915617,1.4428819417953491,,66.34059183269993
6860,,4.655859375,0.0002622142063679267,1.3843120336532593,,66.3472183596633
6870,,4.62578125,0.00026209150195651693,1.142521858215332,,66.35436552797903
6880,,4.65,0.0002619686311676006,1.4772049188613892,,66.35654009106356
6890,,4.620703125,0.0002618455942117311,1.6571297645568848,,66.36336039372722
6900,,4.597265625,0.00026172239129974633,1.0992114543914795,,66.37069612033898
6910,,4.616015625,0.0002615990226427688,1.2897220849990845,,66.37607383547703
6920,,4.62890625,0.00026147548845220495,1.2742050886154175,,66.37737413346926
6930,,4.51484375,0.00026135178893974486,1.1382123231887817,,66.38427812901561
6940,,4.5078125,0.00026122792431736185,1.407573938369751,,66.3917648261363
6950,,4.64921875,0.00026110389479731247,1.3051917552947998,,66.39404632359302
6960,,4.634375,0.00026097970059213546,1.2828078269958496,,66.39988948347136
6970,,4.529296875,0.0002608553419146519,1.100271463394165,,66.40655030568337
6980,,4.603125,0.000260730818977965,1.547212839126587,,66.41408317371433
6990,,4.546875,0.00026060613199545903,1.0861469507217407,,66.41649994194539
7000,,4.55234375,0.0002604812811807995,1.2831922769546509,3.820263624191284,66.39758679475173
7010,,4.6453125,0.0002603562667479328,1.5155706405639648,,66.40368348079815
7020,,4.633203125,0.00026023108891108556,1.0409698486328125,,66.40085038511798
7030,,4.633984375,0.0002601057478847645,1.3573018312454224,,66.4012243947788
7040,,4.612109375,0.0002599802438837559,1.3721106052398682,,66.40060481602868
7050,,4.669140625,0.00025985457712312545,1.4161429405212402,,66.36650220098366
7060,,4.613671875,0.00025972874781821754,1.5639983415603638,,66.32849382481902
7070,,4.581640625,0.0002596027561846553,2.1790428161621094,,66.32559634483266
7080,,4.59453125,0.00025947660243833996,1.5937139987945557,,66.32722219379266
10,,9.106770833333334,2.6999999999999996e-06,9.560237884521484,,5.548632541125232
20,,8.96484375,5.7e-06,10.01191234588623,,5.939784102939166
30,,8.628125,8.7e-06,8.28743839263916,,6.031203536209044
40,,8.371875,1.1699999999999998e-05,4.3450608253479,,6.08503451508862
50,,8.168359375,1.47e-05,2.5374584197998047,,6.115279149549671
60,,8.062890625,1.7699999999999997e-05,2.316277265548706,,6.139442932532281
70,,7.9828125,2.07e-05,2.3073573112487793,,6.155868640122758
80,,7.790234375,2.37e-05,1.9541667699813843,,6.172024926021819
90,,7.76171875,2.67e-05,1.8797787427902222,,6.1813605091306005
100,,7.62265625,2.9699999999999997e-05,1.898360252380371,,6.19605683100691
110,,7.476953125,3.27e-05,2.6959264278411865,,6.21269813406611
120,,7.437890625,3.5699999999999994e-05,1.9090512990951538,,6.223814648824379
130,,7.40390625,3.87e-05,1.997550129890442,,6.235853151944863
140,,7.32734375,4.17e-05,1.5021699666976929,,6.244672762760822
150,,7.33125,4.4699999999999996e-05,1.658301591873169,,6.253991464134105
160,,7.112109375,4.7699999999999994e-05,2.0714685916900635,,6.259221595584763
170,,6.987890625,5.069999999999999e-05,1.842490315437317,,6.263628540637636
180,,6.91640625,5.37e-05,8.983502388000488,,6.268591365233572
190,,6.765625,5.6699999999999996e-05,1.4312381744384766,,6.272238965703848
200,,6.821484375,5.9699999999999994e-05,1.458915114402771,,6.2764962223139635
210,,6.8828125,6.269999999999999e-05,1.2525577545166016,,6.280566171176983
220,,6.734765625,6.57e-05,1.3563249111175537,,6.283469110974264
230,,6.703515625,6.87e-05,1.481462836265564,,6.286042910800471
240,,6.6,7.17e-05,1.496649980545044,,6.286338488284765
250,,6.391796875,7.469999999999999e-05,1.3651471138000488,,6.28801654298322
260,,6.53359375,7.769999999999999e-05,1.1951966285705566,,6.290372447055384
270,,6.39296875,8.07e-05,1.528641939163208,,6.2934189173603245
280,,6.41796875,8.37e-05,1.322975993156433,,6.29670615986374
290,,6.390234375,8.669999999999999e-05,1.2557458877563477,,6.296847013000282
300,,6.30546875,8.969999999999998e-05,1.9067788124084473,,6.2960892921100635
310,,6.2078125,9.269999999999999e-05,1.3857630491256714,,6.296573519816704
320,,6.276953125,9.57e-05,1.3881560564041138,,6.298809111654275
330,,6.25390625,9.87e-05,1.2474987506866455,,6.299707930147628
340,,6.175390625,0.00010169999999999998,1.1313743591308594,,6.300394805579139
350,,6.0953125,0.00010469999999999998,1.159296989440918,,6.3011874819335265
360,,6.213671875,0.00010769999999999999,1.1917040348052979,,6.30256892587644
370,,5.958984375,0.0001107,1.0277584791183472,,6.302155339448304
380,,6.199609375,0.0001137,1.6673227548599243,,6.303617851925677
390,,6.00390625,0.00011669999999999999,1.2293258905410767,,6.305176500577476
400,,6.1,0.00011969999999999998,1.3634568452835083,,6.30693910979616
410,,5.958984375,0.0001227,1.2197606563568115,,6.307293344373983
420,,6.03125,0.00012569999999999997,1.110642910003662,,6.308653343953808
10,,9.106770833333334,2.6999999999999996e-06,9.560270309448242,,5.772270831722013
20,,8.96484375,5.7e-06,10.012747764587402,,6.055485682535803
30,,8.628125,8.7e-06,8.289791107177734,,6.097881200444373
40,,8.371875,1.1699999999999998e-05,4.34134578704834,,6.144295139176912
50,,8.168359375,1.47e-05,2.5390732288360596,,6.128291405698641
60,,8.062109375,1.7699999999999997e-05,2.31736159324646,,6.129930641856164
70,,7.9828125,2.07e-05,2.3096978664398193,,6.139063697756477
80,,7.791015625,2.37e-05,1.9501447677612305,,6.146385851119137
90,,7.76171875,2.67e-05,1.9126845598220825,,6.1593955816874235
100,,7.621484375,2.9699999999999997e-05,1.8598928451538086,,6.169744615063126
110,,7.475390625,3.27e-05,2.452363967895508,,6.184421403549583
120,,7.43125,3.5699999999999994e-05,1.990946888923645,,6.196699021987798
130,,7.4,3.87e-05,1.757957935333252,,6.208505165397497
140,,7.31484375,4.17e-05,1.71368408203125,,6.215121895081473
150,,7.326171875,4.4699999999999996e-05,1.6818619966506958,,6.223282060938321
160,,7.1046875,4.7699999999999994e-05,2.043083429336548,,6.2144385213923465
170,,6.98203125,5.069999999999999e-05,1.8763445615768433,,6.2150095364779006
180,,6.908984375,5.37e-05,1.8712912797927856,,6.220106608452649
190,,6.75625,5.6699999999999996e-05,1.426180124282837,,6.221529641512506
200,,6.81328125,5.9699999999999994e-05,1.4527121782302856,,6.227545472077801
210,,6.87578125,6.269999999999999e-05,1.2780094146728516,,6.232083827671464
220,,6.7265625,6.57e-05,1.356745958328247,,6.235330360136668
230,,6.698046875,6.87e-05,1.4410278797149658,,6.239079766281513
240,,6.5921875,7.17e-05,1.4105370044708252,,6.241349664722897
250,,6.384765625,7.469999999999999e-05,1.3861920833587646,,6.242364485098068
260,,6.529296875,7.769999999999999e-05,1.2488104104995728,,6.246699896849624
270,,6.390625,8.07e-05,2.3932721614837646,,6.247666039311951
280,,6.41640625,8.37e-05,1.4668442010879517,,6.251671845149532
290,,6.387109375,8.669999999999999e-05,1.2559661865234375,,6.252602575543605
300,,6.303125,8.969999999999998e-05,1.938686490058899,,6.25449509252321
310,,6.2046875,9.269999999999999e-05,1.4183748960494995,,6.2555849122171185
320,,6.274609375,9.57e-05,1.4331543445587158,,6.2524172742558255
330,,6.251953125,9.87e-05,1.2431578636169434,,6.252733673008559
340,,6.173828125,0.00010169999999999998,1.1330207586288452,,6.254380382601431
350,,6.0953125,0.00010469999999999998,1.1209869384765625,,6.255575075876003
360,,6.211328125,0.00010769999999999999,1.24152410030365,,6.257073822554459
370,,5.958203125,0.0001107,1.0242401361465454,,6.257224525685951
380,,6.19609375,0.0001137,1.3284504413604736,,6.2593137567480275
390,,6.00078125,0.00011669999999999999,1.2314361333847046,,6.260004365681245
400,,6.094140625,0.00011969999999999998,1.3130890130996704,,6.261477330146113
410,,5.950390625,0.0001227,1.2033069133758545,,6.262223649802116
420,,6.023046875,0.00012569999999999997,1.1001100540161133,,6.265218985822596
430,,6.02578125,0.00012869999999999998,1.0821878910064697,,6.266580916353365
440,,5.96796875,0.00013169999999999998,2.82883620262146,,6.267141300678244
450,,6.043359375,0.0001347,1.3755367994308472,,6.268524358820077
460,,5.785546875,0.00013769999999999999,1.0650248527526855,,6.269177774901549
470,,5.82109375,0.0001407,1.107983112335205,,6.26994314471495
480,,5.620703125,0.0001437,1.046738862991333,,6.270083753330375
490,,5.816796875,0.0001467,1.0701186656951904,,6.271420724209412
500,,5.913671875,0.0001497,1.054749608039856,4.886328220367432,6.239604741090628
510,,5.825,0.00015269999999999997,1.1734330654144287,,6.24238088011296
520,,5.8015625,0.0001557,2.08072566986084,,6.245031152984394
530,,5.790625,0.00015869999999999998,1.0799176692962646,,6.248303488979707
540,,5.735546875,0.00016169999999999997,1.033421516418457,,6.246941423337278
550,,5.8265625,0.0001647,1.2745932340621948,,6.2464593067039935
560,,5.740234375,0.00016769999999999998,1.1217632293701172,,6.24821784714512
570,,5.7921875,0.0001707,1.0500699281692505,,6.2505413871248825
580,,5.781640625,0.0001737,1.1867221593856812,,6.25250199089171
590,,5.680078125,0.00017669999999999999,1.0530732870101929,,6.254791024590939
600,,5.74921875,0.00017969999999999998,1.0686595439910889,,6.2570321087967
610,,5.664453125,0.00018269999999999997,1.005235195159912,,6.2589820973682295
620,,5.563671875,0.0001857,1.7725547552108765,,6.261835473016369
630,,5.580859375,0.00018869999999999998,1.0220049619674683,,6.26356240298457
640,,5.6578125,0.00019169999999999997,1.1737276315689087,,6.265687820381135
650,,5.7046875,0.0001947,1.0060489177703857,,6.267046946466326
660,,5.671875,0.00019769999999999998,1.1064398288726807,,6.268463319284388
670,,5.66875,0.0002007,1.0680005550384521,,6.27047205711858
680,,5.573828125,0.0002037,0.9350921511650085,,6.271990053364809
690,,5.65234375,0.00020669999999999998,0.9970024824142456,,6.274157982767822
700,,5.48984375,0.00020969999999999997,1.0092164278030396,,6.276190408620134
710,,5.585546875,0.00021269999999999997,0.9671909809112549,,6.27535866208482
720,,5.570703125,0.00021569999999999998,1.1793040037155151,,6.270142791877799
730,,5.569921875,0.00021869999999999998,1.1283740997314453,,6.27036024479415
740,,5.623828125,0.00022169999999999997,1.04645836353302,,6.271054285873394
750,,5.54453125,0.0002247,1.022496223449707,,6.2716777374340715
760,,5.561328125,0.00022769999999999998,0.9482536315917969,,6.270186080895632
770,,5.544921875,0.0002307,1.0165969133377075,,6.271081675067196
780,,5.495703125,0.0002337,1.0304687023162842,,6.271727184588619
790,,5.634765625,0.00023669999999999995,1.0203471183776855,,6.272917832528981
800,,5.448046875,0.00023969999999999997,1.1014844179153442,,6.271724847881977
810,,5.6,0.00024269999999999996,0.9625993371009827,,6.268359012371332
820,,5.50390625,0.00024569999999999995,0.9899244904518127,,6.262688101626307
830,,5.51796875,0.0002487,1.0059369802474976,,6.252863054253842
840,,5.3984375,0.0002517,0.9177016019821167,,6.251750573913062
850,,5.522265625,0.00025469999999999996,1.0233120918273926,,6.253632953742342
860,,5.47890625,0.0002577,0.9706296920776367,,6.255288127706147
870,,5.4921875,0.0002607,1.1361761093139648,,6.256641393607034
880,,5.370703125,0.0002637,0.9611667394638062,,6.257673933050441
890,,5.5,0.0002667,0.9590824246406555,,6.257897658178044
900,,5.357421875,0.0002697,1.0367939472198486,,6.257270663612272
910,,5.52734375,0.0002727,0.8973995447158813,,6.256981270842306
920,,5.479296875,0.0002757,0.9086533784866333,,6.2570591774024855
930,,5.467578125,0.0002787,1.0491986274719238,,6.254480800753594
940,,5.47890625,0.00028169999999999996,0.8913049697875977,,6.255505579488113
950,,5.4484375,0.0002846999999999999,0.9549747109413147,,6.253369899992803
960,,5.451953125,0.00028769999999999995,0.9899282455444336,,6.255000731789686
970,,5.501953125,0.00029069999999999996,0.9983974099159241,,6.256472492236601
980,,5.47265625,0.0002937,1.0640044212341309,,6.257435040818503
990,,5.533984375,0.00029669999999999995,2.297865867614746,,6.258920245405098
1000,,5.31875,0.00029969999999999997,0.9512360692024231,4.37744140625,6.245289189170529
1010,,5.42890625,0.0002999999259718048,0.9776294231414795,,6.246596223837232
1020,,5.474609375,0.00029999962523240124,0.979623556137085,,6.248075620157592
1030,,5.418359375,0.000299999093155542,1.1817342042922974,,6.249626509524727
1040,,5.323828125,0.00029999832974213886,0.9619308710098267,,6.2512118730688
1050,,5.298828125,0.00029999733499349993,0.9948604106903076,,6.252311252820273
1060,,5.36171875,0.00029999610891133,0.8632460236549377,,6.25349668516851
1070,,5.387890625,0.00029999465149772994,1.0004984140396118,,6.255228365548286
1080,,5.3171875,0.0002999929627551973,0.9158011674880981,,6.256265903264706
1090,,5.33671875,0.00029999104268662593,1.0569283962249756,,6.257491518645282
1100,,5.368359375,0.00029998889129530595,0.9562509059906006,,6.258310542267354
1110,,5.395703125,0.0002999865085849242,0.8943922519683838,,6.258349660129855
1120,,5.38359375,0.00029998389455956366,0.8614015579223633,,6.256728597727525
1130,,5.333984375,0.0002999810492237037,0.9470852017402649,,6.25468653276642
1140,,5.28046875,0.00029997797258222037,1.01846444606781,,6.255574199244526
1150,,5.341015625,0.00029997466464038553,0.9795709848403931,,6.256938540303679
1160,,5.269921875,0.00029997112540386785,0.9554533362388611,,6.257939831050984
1170,,5.246484375,0.00029996735487873235,0.9074687957763672,,6.2590793313398905
1180,,5.29296875,0.00029996335307144,1.0661355257034302,,6.260069684375411
1190,,5.365234375,0.00029995911998884864,0.8711868524551392,,6.260668813877387
1200,,5.25859375,0.00029995465563821197,0.924310028553009,,6.261515943192924
1210,,5.234765625,0.00029994996002718013,0.9632264971733093,,6.262211735141351
1220,,5.20078125,0.00029994503316379975,0.8497743606567383,,6.260483313339483
1230,,5.2640625,0.0002999398750565135,0.9576092958450317,,6.261360723865904
1240,,5.2515625,0.00029993448571416037,0.8051232099533081,,6.262392853431036
1250,,5.281640625,0.00029992886514597567,0.8306872248649597,,6.262975357554584
1260,,5.183203125,0.0002999230133615909,0.9005575180053711,,6.263016083865487
1270,,5.178125,0.0002999169303710337,0.8618859648704529,,6.263331466809163
1280,,5.239453125,0.00029991061618472805,0.9669755101203918,,6.263834832433409
1290,,5.27265625,0.000299904070813494,0.919227123260498,,6.264772150027399
1300,,5.244921875,0.0002998972942685477,0.9437040090560913,,6.265446728135358
1310,,5.26015625,0.00029989028656150177,0.9771541953086853,,6.264771668956121
1320,,5.20390625,0.00029988304770436447,0.9715374708175659,,6.265559609100956
1330,,5.26953125,0.0002998755777095407,1.118786334991455,,6.26609706747711
1340,,5.194921875,0.000299867876589831,0.961576521396637,,6.2668695484732515
1350,,5.2515625,0.00029985994435843203,0.961896538734436,,6.267738785900149
1360,,5.31796875,0.0002998517810289367,0.9493402242660522,,6.268623871933696
1370,,5.056640625,0.00029984338661533387,0.8758541941642761,,6.269293913308772
1380,,5.167578125,0.00029983476113200835,0.8647982478141785,,6.2680361845439805
1390,,5.175390625,0.0002998259045937407,0.9413684606552124,,6.266154543723478
1400,,5.21875,0.00029981681701570775,0.9346656799316406,,6.266519408798177
1410,,5.147265625,0.00029980749841348217,0.9300642013549805,,6.266920917936098
1420,,5.13984375,0.00029979794880303243,0.8011770844459534,,6.2665617194909125
1430,,5.1453125,0.0002997881682007228,1.3024593591690063,,6.2662380988113275
1440,,5.0578125,0.0002997781566233137,0.8354406356811523,,6.266214467518476
1450,,5.236328125,0.00029976791408796075,0.8440214991569519,,6.265796310947408
1460,,5.203515625,0.0002997574406122161,0.9039309024810791,,6.264996281680059
1470,,5.157421875,0.00029974673621402706,0.9503630995750427,,6.26510669373992
1480,,5.0515625,0.00029973580091173686,0.9065074324607849,,6.2655127996787385
1490,,5.138671875,0.0002997246347240844,0.9321000576019287,,6.26582111914576
1500,,5.15703125,0.0002997132376702043,0.8659615516662598,4.304541110992432,6.256460239392548
1510,,5.2015625,0.0002997016097696267,1.87321138381958,,6.257393583804741
1520,,5.140625,0.0002996897510422773,0.892597496509552,,6.258149592631536
1530,,5.169140625,0.0002996776615084775,0.9188256859779358,,6.257921217430887
1540,,4.990234375,0.000299665341188944,0.8804957866668701,,6.258356859137547
1550,,5.1421875,0.0002996527901047893,0.8795814514160156,,6.25827830685764
1560,,5.1984375,0.0002996400082775208,0.8368889093399048,,6.2574986367201815
1570,,5.219921875,0.00029962699572904186,0.8380476832389832,,6.256880524054727
1580,,5.155078125,0.000299613752481651,1.0074394941329956,,6.256131324654397
1590,,5.20390625,0.000299600278558042,1.009151816368103,,6.253518991639939
1600,,5.214453125,0.0002995865739813039,1.0128778219223022,,6.25320073135379
1610,,5.175,0.0002995726387749212,0.8606104850769043,,6.253398428907169
1620,,5.11484375,0.00029955847296277345,0.9222761392593384,,6.253759634002306
1630,,5.173828125,0.0002995440765691355,1.0351781845092773,,6.2544400195619065
1640,,5.13984375,0.000299529449618677,1.3005423545837402,,6.255318157363121
1650,,5.266796875,0.0002995145921364631,0.8717979192733765,,6.255747431596668
1660,,5.1296875,0.0002994995041479538,0.9685077667236328,,6.2561687360116105
1670,,5.176171875,0.000299484185679004,0.9378664493560791,,6.254592426605425
1680,,5.16953125,0.00029946863675586375,0.9478317499160767,,6.252600553701995
1690,,5.00703125,0.00029945285740517796,0.9023242592811584,,6.253152648310945
1700,,5.11796875,0.00029943684765398643,1.2232002019882202,,6.25343427539199
1710,,5.108984375,0.00029942060752972347,0.9679237604141235,,6.254242036465509
1720,,5.12109375,0.0002994041370602186,0.9427940845489502,,6.254774240082124
1730,,5.13046875,0.0002993874362736958,0.9919542074203491,,6.253994055046604
1740,,5.087109375,0.00029937050519877396,0.8374809622764587,,6.2545790450852055
1750,,4.936328125,0.00029935334386446623,1.2495274543762207,,6.2550673494311635
1760,,5.10234375,0.0002993359523001805,1.8988960981369019,,6.25550790456812
10,,9.76388888888889,2.6999999999999996e-06,9.167256355285645,,5.512443300796854
20,,9.64453125,5.7e-06,9.542059898376465,,5.754475927893438
30,,9.3609375,8.7e-06,9.766002655029297,,5.823564073907529
40,,9.1125,1.1699999999999998e-05,4.266582012176514,,5.831653992474736
50,,8.89375,1.47e-05,2.7504210472106934,,5.854161765871326
60,,8.79375,1.7699999999999997e-05,2.846459150314331,,5.859012128631057
70,,8.7078125,2.07e-05,2.7507331371307373,,5.8700394134640606
80,,8.51171875,2.37e-05,2.345017671585083,,5.880528697483343
90,,8.4953125,2.67e-05,2.120760440826416,,5.892380212016032
100,,8.344921875,2.9699999999999997e-05,1.897491455078125,,5.9025363178450645
110,,8.19765625,3.27e-05,2.9992642402648926,,5.909378372407665
120,,8.150390625,3.5699999999999994e-05,1.8515989780426025,,5.905529360983275
130,,8.105078125,3.87e-05,1.9788209199905396,,5.9018941875794555
140,,8.00390625,4.17e-05,1.9241605997085571,,5.90829270947025
150,,7.994140625,4.4699999999999996e-05,1.9891407489776611,,5.913855164947095
160,,7.74296875,4.7699999999999994e-05,2.101802110671997,,5.919294264935885
170,,7.606640625,5.069999999999999e-05,1.937907099723816,,5.922716043211379
180,,7.505078125,5.37e-05,2.135589361190796,,5.926348857831095
190,,7.324609375,5.6699999999999996e-05,1.5915091037750244,,5.929452295550173
200,,7.359375,5.9699999999999994e-05,1.4898794889450073,,5.935398100743759
210,,7.4046875,6.269999999999999e-05,1.3788502216339111,,5.938842327255486
220,,7.2234375,6.57e-05,1.382386326789856,,5.94236680037547
230,,7.1703125,6.87e-05,1.4409706592559814,,5.9458125390280845
240,,7.0359375,7.17e-05,1.301621675491333,,5.950175994957613
250,,6.80234375,7.469999999999999e-05,1.24959135055542,,5.952377978908095
260,,6.937890625,7.769999999999999e-05,1.2211146354675293,,5.956443129892627
270,,6.778515625,8.07e-05,1.3295634984970093,,5.948038496279846
280,,6.785546875,8.37e-05,1.2781466245651245,,5.946680133191889
290,,6.75234375,8.669999999999999e-05,1.296828269958496,,5.9512159932761115
300,,6.651953125,8.969999999999998e-05,2.382887363433838,,5.950255469098785
310,,6.539453125,9.269999999999999e-05,1.16434645652771,,5.953779220274281
320,,6.607421875,9.57e-05,1.1815316677093506,,5.9573946482924045
330,,6.57578125,9.87e-05,1.025477409362793,,5.960607624059467
340,,6.487109375,0.00010169999999999998,1.0634629726409912,,5.964080441364835
350,,6.400390625,0.00010469999999999998,1.075716257095337,,5.967406331315719
360,,6.515625,0.00010769999999999999,1.2094194889068604,,5.971338301091595
370,,6.24375,0.0001107,1.0393640995025635,,5.973365075243748
380,,6.49140625,0.0001137,1.156284213066101,,5.97676214068284
390,,6.285546875,0.00011669999999999999,1.2535548210144043,,5.974859544946424
400,,6.375,0.00011969999999999998,1.2693730592727661,,5.976669714478424
410,,6.219921875,0.0001227,1.066308617591858,,5.978500034662941
420,,6.296875,0.00012569999999999997,0.977312445640564,,5.981513211664036
430,,6.290625,0.00012869999999999998,2.0578548908233643,,5.98518071108591
440,,6.220703125,0.00013169999999999998,1.0771244764328003,,5.987611419751272
450,,6.297265625,0.0001347,1.0612181425094604,,5.990647782611179
460,,6.01796875,0.00013769999999999999,1.135626196861267,,5.990138776144424
470,,6.058984375,0.0001407,1.0813653469085693,,5.988376802764754
480,,5.846484375,0.0001437,1.0252009630203247,,5.990681355710122
490,,6.042578125,0.0001467,0.9956966638565063,,5.993339752349527
500,,6.135546875,0.0001497,1.0538463592529297,5.059374809265137,5.963991268587467
510,,6.051171875,0.00015269999999999997,1.2709479331970215,,5.9660114277427505
520,,6.00703125,0.0001557,1.0698597431182861,,5.9687338658341655
530,,6.0046875,0.00015869999999999998,1.1465518474578857,,5.97116690531257
540,,5.93359375,0.00016169999999999997,2.1430978775024414,,5.97253250289164
550,,6.03828125,0.0001647,1.1745409965515137,,5.9586555329670965
560,,5.9375,0.00016769999999999998,1.0917952060699463,,5.951891034973058
570,,5.98359375,0.0001707,1.200881004333496,,5.950060579783909
580,,5.96953125,0.0001737,1.0978562831878662,,5.949074897890261
590,,5.871484375,0.00017669999999999999,1.0698232650756836,,5.943635793357198
600,,5.931640625,0.00017969999999999998,1.1369585990905762,,5.943681843742152
610,,5.846484375,0.00018269999999999997,1.0018603801727295,,5.944778333246879
620,,5.737109375,0.0001857,1.058422565460205,,5.945832360221653
630,,5.762890625,0.00018869999999999998,1.0033600330352783,,5.9471263744103275
640,,5.82578125,0.00019169999999999997,1.04581880569458,,5.947990413469286
650,,5.866796875,0.0001947,1.064369559288025,,5.948417057037107
660,,5.83828125,0.00019769999999999998,1.1224370002746582,,5.949461764295603
670,,5.82890625,0.0002007,1.0693918466567993,,5.949851916912645
680,,5.737109375,0.0002037,0.9835423231124878,,5.949542014925394
690,,5.80546875,0.00020669999999999998,1.0217243432998657,,5.9422723186183575
700,,5.641015625,0.00020969999999999997,1.0509560108184814,,5.943853082115805
710,,5.7375,0.00021269999999999997,1.046097755432129,,5.9448609088434905
720,,5.726171875,0.00021569999999999998,1.0735528469085693,,5.945977852235333
730,,5.715234375,0.00021869999999999998,1.083471417427063,,5.946755956774059
740,,5.775390625,0.00022169999999999997,1.0579042434692383,,5.947673810825624
750,,5.691015625,0.0002247,1.0418566465377808,,5.94839192960938
760,,5.7015625,0.00022769999999999998,1.0104305744171143,,5.949442160307857
770,,5.69921875,0.0002307,1.0315052270889282,,5.95084774860922
780,,5.631640625,0.0002337,0.9705905914306641,,5.949861131047198
790,,5.77109375,0.00023669999999999995,1.0675979852676392,,5.947420622108782
800,,5.583203125,0.00023969999999999997,1.002729058265686,,5.944924662010208
810,,5.744921875,0.00024269999999999996,1.020971417427063,,5.940663266496597
820,,5.7015625,0.00024569999999999995,4.833971977233887,,5.932988919183087
830,,5.65859375,0.0002487,1.0196020603179932,,5.927912748672089
840,,5.533984375,0.0002517,1.013338565826416,,5.922428636193326
850,,5.6796875,0.00025469999999999996,1.1261546611785889,,5.917770294378264
860,,5.6109375,0.0002577,0.9833336472511292,,5.912868990064315
870,,5.682421875,0.0002607,1.320438027381897,,5.907806384191124
880,,5.487890625,0.0002637,0.9606196284294128,,5.903355959171779
890,,5.65,0.0002667,0.9656944274902344,,5.895783298726563
900,,5.4703125,0.0002697,1.1046775579452515,,5.8915871921258365
910,,5.6703125,0.0002727,0.8874853849411011,,5.889959375490923
920,,5.613671875,0.0002757,0.9643339514732361,,5.891298240659168
930,,5.59609375,0.0002787,1.008154034614563,,5.889408979657609
940,,5.587890625,0.00028169999999999996,0.9084501266479492,,5.887995783846105
950,,5.552734375,0.0002846999999999999,0.9725852012634277,,5.887439911736676
960,,5.576953125,0.00028769999999999995,0.9927520155906677,,5.888052918069995
970,,5.591796875,0.00029069999999999996,0.9727686643600464,,5.888822513079244
980,,5.576953125,0.0002937,1.0260179042816162,,5.889666404539158
990,,5.6640625,0.00029669999999999995,1.1448066234588623,,5.891603535423851
1000,,5.41328125,0.00029969999999999997,0.9992502927780151,4.365887641906738,5.8778809710380715
1010,,5.43359375,0.0002999999259718048,0.973593533039093,,5.879030434494425
1020,,5.566015625,0.00029999962523240124,0.9969152212142944,,5.878940343926723
1030,,5.4953125,0.000299999093155542,0.8963795900344849,,5.878683602995118
1040,,5.410546875,0.00029999832974213886,0.8990034461021423,,5.879853521360415
1050,,5.384375,0.00029999733499349993,0.997215747833252,,5.878281274770319
1060,,5.464453125,0.00029999610891133,0.9148886799812317,,5.878672403032065
1070,,5.501171875,0.00029999465149772994,1.2139198780059814,,5.878111564885957
1080,,5.42578125,0.0002999929627551973,1.0723893642425537,,5.876101153855459
1090,,5.44140625,0.00029999104268662593,0.9856339693069458,,5.876276037687522
1100,,5.4375,0.00029998889129530595,0.9519075751304626,,5.876263999645315
1110,,5.526171875,0.0002999865085849242,0.9543440937995911,,5.87682217966987
1120,,5.413671875,0.00029998389455956366,0.8842964768409729,,5.875959503472929
1130,,5.373046875,0.0002999810492237037,0.9624583125114441,,5.873527131346228
1140,,5.3546875,0.00029997797258222037,1.0577448606491089,,5.873464644176849
1150,,5.445703125,0.00029997466464038553,1.0061650276184082,,5.871013220859019
1160,,5.386328125,0.00029997112540386785,0.8839691281318665,,5.866355193207532
1170,,5.34765625,0.00029996735487873235,0.9575007557868958,,5.860074461966608
1180,,5.408984375,0.00029996335307144,1.0882986783981323,,5.859465544618093
1190,,5.47265625,0.00029995911998884864,0.9011660814285278,,5.860162714048842
1200,,5.43828125,0.00029995465563821197,0.9847869277000427,,5.861091768472465
1210,,5.35234375,0.00029994996002718013,0.987673819065094,,5.8612673841929706
1220,,5.291796875,0.00029994503316379975,0.9059039354324341,,5.862157353865575
1230,,5.362109375,0.0002999398750565135,0.8407586216926575,,5.862637944700945
1240,,5.341015625,0.00029993448571416037,0.8198176622390747,,5.862643269672823
1250,,5.395703125,0.00029992886514597567,0.8951975107192993,,5.86288587404214
1260,,5.29921875,0.0002999230133615909,0.9711516499519348,,5.862203588617783
1270,,5.2625,0.0002999169303710337,0.906099259853363,,5.8634044960171465
1280,,5.334765625,0.00029991061618472805,0.9869827032089233,,5.864143474645046
1290,,5.35625,0.000299904070813494,0.9797420501708984,,5.864419367160897
1300,,5.41015625,0.0002998972942685477,0.951787531375885,,5.864712960688137
1310,,5.380078125,0.00029989028656150177,0.8339226245880127,,5.865354747577934
1320,,5.285546875,0.00029988304770436447,0.9356349110603333,,5.86604716648017
1330,,5.35234375,0.0002998755777095407,0.9188947677612305,,5.865245105005156
1340,,5.287890625,0.000299867876589831,1.694663166999817,,5.8657864938419175
1350,,5.343359375,0.00029985994435843203,0.8445394039154053,,5.866294810516042
1360,,5.427734375,0.0002998517810289367,0.9197902679443359,,5.866814648639668
1370,,5.1515625,0.00029984338661533387,0.9538083076477051,,5.866928103672136
1380,,5.273046875,0.00029983476113200835,0.9254971146583557,,5.867261798379681
1390,,5.284375,0.0002998259045937407,1.0165382623672485,,5.867725161114959
1400,,5.3046875,0.00029981681701570775,0.9346237182617188,,5.8685792650894175
1410,,5.23515625,0.00029980749841348217,0.9552538394927979,,5.869258157364319
1420,,5.218359375,0.00029979794880303243,0.8672279715538025,,5.8691538246868635
1430,,5.22734375,0.0002997881682007228,1.415041446685791,,5.8700163648236945
1440,,5.115234375,0.0002997781566233137,0.8521791100502014,,5.869927134475399
1450,,5.3265625,0.00029976791408796075,0.880919337272644,,5.86987993380466
1460,,5.282421875,0.0002997574406122161,0.8917805552482605,,5.869868822037344
1470,,5.23671875,0.00029974673621402706,0.868670642375946,,5.8708117900930255
1480,,5.146484375,0.00029973580091173686,0.9973378777503967,,5.8721575426187735
1490,,5.235546875,0.0002997246347240844,0.9571888446807861,,5.87262832794624
1500,,5.234375,0.0002997132376702043,0.8966277837753296,4.208108425140381,5.862476001791546
1510,,5.290234375,0.0002997016097696267,1.443549633026123,,5.863003682153682
1520,,5.245703125,0.0002996897510422773,0.9424924254417419,,5.864946937791795
1530,,5.2640625,0.0002996776615084775,0.9245510697364807,,5.864568949303363
1540,,5.091796875,0.000299665341188944,0.9164334535598755,,5.864868343936096
1550,,5.23828125,0.0002996527901047893,0.9438286423683167,,5.865175657565545
1560,,5.282421875,0.0002996400082775208,0.8331456780433655,,5.866689104649647
1570,,5.334375,0.00029962699572904186,0.8245828747749329,,5.867554978309201
1580,,5.2609375,0.000299613752481651,0.9782918095588684,,5.868788207789783
1590,,5.281640625,0.000299600278558042,0.8870201706886292,,5.869854203597651
1600,,5.30546875,0.0002995865739813039,1.0161398649215698,,5.870838355036557
1610,,5.25703125,0.0002995726387749212,0.9221203327178955,,5.871331807695062
1620,,5.19296875,0.00029955847296277345,0.8642638325691223,,5.8718272214047005
1630,,5.251171875,0.0002995440765691355,0.9968901872634888,,5.872223679831717
1640,,5.223828125,0.000299529449618677,1.1367640495300293,,5.873663172994829
1650,,5.383984375,0.0002995145921364631,0.9200292825698853,,5.875178869743681
1660,,5.212109375,0.0002994995041479538,0.8853457570075989,,5.876497059889419
1670,,5.2421875,0.000299484185679004,0.9379411339759827,,5.877149091646141
1680,,5.273828125,0.00029946863675586375,0.9325569868087769,,5.877830364034417
1690,,5.05078125,0.00029945285740517796,0.9018315672874451,,5.877455805067236
1700,,5.2,0.00029943684765398643,1.3430554866790771,,5.876075471406041
1710,,5.181640625,0.00029942060752972347,0.9660871028900146,,5.8754031968152525
1720,,5.182421875,0.0002994041370602186,1.029467225074768,,5.8762446589378685
1730,,5.190625,0.0002993874362736958,0.9128320217132568,,5.876764040960778
1740,,5.184375,0.00029937050519877396,0.886824369430542,,5.877875244552933
1750,,4.980859375,0.00029935334386446623,0.9598433971405029,,5.87839981697658
1760,,5.154296875,0.0002993359523001805,0.995140790939331,,5.878458648469526
1770,,5.137109375,0.0002993183305357195,0.9027180075645447,,5.878983051602847
1780,,5.16015625,0.0002993004786012799,0.9081436991691589,,5.880452873048015
1790,,5.10234375,0.00029928239652745323,0.9244937896728516,,5.882126072740572
1800,,5.219140625,0.00029926408434522507,0.9570149183273315,,5.882723980003639
1810,,5.091796875,0.00029924554208597557,1.1713281869888306,,5.883693880350479
1820,,5.190234375,0.0002992267697814789,2.0354859828948975,,5.884649626504645
1830,,5.253125,0.00029920776746390374,1.1067638397216797,,5.885928034650221
1840,,5.044921875,0.00029918853516581263,1.0046377182006836,,5.887065741818422
1850,,5.27890625,0.0002991690729201624,0.8958076238632202,,5.888223637260731
1860,,5.08828125,0.0002991493807603038,0.9266505241394043,,5.88951168431377
1870,,5.18515625,0.0002991294587199817,0.8842822909355164,,5.89076087578262
1880,,5.053125,0.00029910930683333466,0.8768380284309387,,5.892085233638348
1890,,5.209765625,0.00029908892513489554,1.0692578554153442,,5.891697638004099
1900,,5.090234375,0.0002990683136595905,0.891086220741272,,5.891618217935156
1910,,5.08515625,0.00029904747244273975,0.9299232959747314,,5.892663953932269
1920,,5.0828125,0.0002990264015200571,0.881284236907959,,5.891281201672632
1930,,5.094140625,0.0002990051009276501,1.0110787153244019,,5.891872641025708
1940,,5.165234375,0.0002989835707020198,0.8890345692634583,,5.891510741674768
1950,,5.115625,0.0002989618108800605,1.0956497192382812,,5.891680429612762
1960,,5.1203125,0.0002989398214990604,0.9686141014099121,,5.890379779362474
1970,,5.005078125,0.0002989176025967007,1.0018079280853271,,5.888707603190603
1980,,5.04765625,0.00029889515421105623,0.9355863928794861,,5.887148845722624
1990,,5.0078125,0.00029887247638059474,0.8884799480438232,,5.886693353136004
2000,,4.994921875,0.00029884956914417733,1.570490837097168,4.104164123535156,5.877989436884811
2010,,5.234765625,0.0002988264325410582,0.9250679612159729,,5.8781817589271785
2020,,5.014453125,0.0002988030666108846,0.979897677898407,,5.878803133019787
2030,,5.05390625,0.00029877947139369686,0.9325746297836304,,5.879209487164911
2040,,5.112109375,0.00029875564692992797,0.9760401844978333,,5.880352137695113
2050,,5.026953125,0.0002987315932604039,0.9571181535720825,,5.881558309207344
2060,,5.060546875,0.00029870731042634343,1.0236929655075073,,5.88146503789803
2070,,5.08203125,0.0002986827984693581,0.9298915266990662,,5.8817402242614065
2080,,5.0466796875,0.0002986580574314519,0.9082468152046204,,5.882643305645976
2090,,5.16953125,0.0002986330873550213,0.9412205219268799,,5.883372100279957
2100,,5.216796875,0.0002986078882828557,0.965140700340271,,5.884327127150281
2110,,5.13984375,0.00029858246025813644,1.0347970724105835,,5.885562524907495
2120,,5.09375,0.0002985568033244374,0.8708151578903198,,5.886759985863235
2130,,5.069921875,0.00029853091752572475,1.0154130458831787,,5.886593606437923
2140,,5.10078125,0.00029850480290635674,0.9764977097511292,,5.887060054294767
2150,,5.1140625,0.00029847845951108383,0.9678606390953064,,5.887699746634611
2160,,4.99140625,0.0002984518873850484,0.9009645581245422,,5.8890068347527835
2170,,5.070703125,0.000298425086573785,1.050683617591858,,5.890009345133145
2180,,5.03984375,0.00029839805712321974,0.9422653913497925,,5.890419849139295
2190,,5.014453125,0.00029837079907967087,1.0137944221496582,,5.891284197820355
2200,,5.08046875,0.0002983433124898481,0.9760514497756958,,5.891105967324528
2210,,5.05546875,0.0002983155974008529,0.9384332895278931,,5.892086706475405
2220,,5.148828125,0.0002982876538601783,1.007865309715271,,5.891882095658271
2230,,5.166796875,0.0002982594819157088,1.1985161304473877,,5.892363623623895
2240,,4.8875,0.0002982310816157201,0.9463513493537903,,5.893419992708995
2250,,5.03125,0.00029820245300887966,1.0152405500411987,,5.894516489194868
2260,,5.055078125,0.0002981735961442457,0.9772226810455322,,5.894485765990161
2270,,5.037109375,0.00029814451107126796,0.9086569547653198,,5.894988149975357
2280,,5.0,0.00029811519783978703,0.9276602268218994,,5.895202668929846
2290,,5.1828125,0.00029808565650003436,1.1428200006484985,,5.896146749224761
2300,,4.984375,0.00029805588710263265,0.8138918876647949,,5.8964459137981855
2310,,4.976171875,0.0002980258896985951,0.9158579111099243,,5.8965196999498115
2320,,4.950390625,0.00029799566433932575,0.9993031620979309,,5.8970924956218
2330,,4.92109375,0.00029796521107661926,0.9892352223396301,,5.897369863878734
2340,,5.155859375,0.0002979345299626608,1.0017633438110352,,5.898400547089891
2350,,4.943359375,0.00029790362105002594,0.9288012981414795,,5.899294110504356
2360,,5.13125,0.00029787248439168076,0.9717987775802612,,5.899195357581118
2370,,5.02890625,0.0002978411200409816,0.8963583707809448,,5.900528186552002
2380,,5.075390625,0.00029780952805167466,1.0091707706451416,,5.901615393511527
2390,,5.0625,0.0002977777084778966,1.1023248434066772,,5.90139101254503
2400,,4.97265625,0.00029774566137417404,0.9361236691474915,,5.901737760556496
2410,,4.971875,0.0002977133867954232,1.095578908920288,,5.9019252307607015
2420,,5.013671875,0.0002976808847969505,0.9288392663002014,,5.901863888849656
2430,,5.016796875,0.0002976481554344516,1.046676516532898,,5.9030438684047555
2440,,4.982421875,0.0002976151987640123,0.887869119644165,,5.90284969469143
2450,,4.94453125,0.0002975820148421076,1.2445822954177856,,5.902528955593739
2460,,4.9859375,0.00029754860372560186,0.991481602191925,,5.902467096574586
2470,,5.001171875,0.000297514965471749,0.9249943494796753,,5.903051697007889
2480,,5.06015625,0.00029748110013819206,0.9316660761833191,,5.903939066950537
2490,,5.205859375,0.00029744700778296324,1.0577248334884644,,5.904956589092736
2500,,5.14609375,0.0002974126884644836,1.126600980758667,4.303271293640137,5.899093921865886
2510,,4.954296875,0.0002973781422415633,1.0820941925048828,,5.899449511646488
2520,,4.987109375,0.0002973433691734013,1.0162755250930786,,5.900475832536562
2530,,4.937109375,0.00029730836931958536,0.9954198598861694,,5.900626868069799
2540,,4.98046875,0.0002972731427400916,0.9500860571861267,,5.900769038174809
2550,,5.161328125,0.000297237689495285,1.0196938514709473,,5.901675287074197
2560,,4.9921875,0.0002972020096459186,1.2970199584960938,,5.9015045358836575
2570,,5.004296875,0.0002971661032531342,0.9217101335525513,,5.9018184004502565
2580,,5.001171875,0.0002971299703784613,1.0707799196243286,,5.902386015453865
2590,,4.955859375,0.000297093611083818,1.0483405590057373,,5.902548142266378
2600,,4.887890625,0.00029705702543150996,0.9971448183059692,,5.903527624010891
2610,,5.03125,0.0002970202134842309,0.9617102146148682,,5.90360909709284
2620,,4.95,0.00029698317530506247,1.0110564231872559,,5.904144455014139
2630,,4.98359375,0.0002969459109574739,1.055970311164856,,5.904149058074594
2640,,5.04609375,0.0002969084205053218,0.9538310170173645,,5.904511472877049
2650,,4.958984375,0.0002968707040128505,1.0826020240783691,,5.904360254091932
2660,,5.0203125,0.0002968327615446916,1.0839656591415405,,5.905447701946422
2670,,4.941015625,0.0002967945931658637,1.1938512325286865,,5.906629859596063
2680,,5.002734375,0.000296756198941773,1.0789388418197632,,5.906863848338114
2690,,4.969921875,0.0002967175789382123,0.9025402069091797,,5.906355868844826
2700,,4.925,0.00029667873322136143,0.9236336946487427,,5.906517926423966
2710,,4.999609375,0.000296639661857787,0.9666066765785217,,5.90729589004898
2720,,5.056640625,0.00029660036491444236,1.3870965242385864,,5.908222163650492
2730,,4.9828125,0.00029656084245866735,1.001346230506897,,5.909111203122994
2740,,4.9078125,0.0002965210945581883,1.063397765159607,,5.908857464103666
2750,,5.0109375,0.00029648112128111777,0.9816886186599731,,5.909478710070555
2760,,4.931640625,0.0002964409226959545,1.0479707717895508,,5.910323486727877
2770,,4.89140625,0.00029640049887158363,1.0440220832824707,,5.910215654147779
2780,,4.899609375,0.0002963598498772759,0.971317708492279,,5.910188606248344
2790,,4.95,0.0002963189757826881,0.9763255715370178,,5.909846581235148
2800,,5.02734375,0.0002962778766578627,0.982185423374176,,5.909815052474961
2810,,4.95390625,0.0002962365525732278,0.9802825450897217,,5.909010227493471
2820,,5.05234375,0.00029619500359959704,1.0396122932434082,,5.908696708763798
2830,,4.84296875,0.0002961532298081693,0.9703662395477295,,5.908468145879905
2840,,4.93359375,0.0002961112312705288,1.0147916078567505,,5.909212300891002
2850,,4.907421875,0.00029606900805864505,1.024090051651001,,5.909517086746476
2860,,4.837109375,0.0002960265602448723,1.0235893726348877,,5.9098901013945815
2870,,4.857421875,0.00029598388790194965,1.0552804470062256,,5.9106566194623325
2880,,4.865234375,0.0002959409911030014,1.0471588373184204,,5.910506829798777
2890,,4.972265625,0.0002958978699215358,1.0244756937026978,,5.910701605119144
2900,,4.951171875,0.0002958545244314462,1.0340027809143066,,5.911377909366179
2910,,4.85625,0.00029581095470701004,1.0585930347442627,,5.912003224453738
2920,,4.856640625,0.00029576716082288913,0.9687495827674866,,5.912473592367675
2930,,4.8390625,0.00029572314285412936,1.0605525970458984,,5.913162581269027
2940,,5.019921875,0.0002956789008761605,1.040403127670288,,5.913861194676685
2950,,4.91640625,0.0002956344349647965,1.0192091464996338,,5.914482109553619
2960,,5.003515625,0.00029558974519623455,0.9689207673072815,,5.91514988915801
2970,,4.96796875,0.0002955448316470559,1.1558842658996582,,5.915704973326106
2980,,4.953125,0.00029549969439422513,1.109866738319397,,5.916539542550991
2990,,4.9546875,0.00029545433351509,1.090374231338501,,5.915166687177911
3000,,4.788671875,0.0002954087490873818,0.9805629849433899,4.209228515625,5.908616033834218
3010,,4.9171875,0.00029536294118921453,1.2175582647323608,,5.907843754803819
3020,,5.026953125,0.00029531690989908555,0.9352589249610901,,5.905804887503277
3030,,4.701171875,0.00029527065529587457,1.0593708753585815,,5.9035987561383845
3040,,4.970703125,0.00029522417745884424,1.021470308303833,,5.9027218190232205
3050,,4.82890625,0.00029517747646763974,1.040919303894043,,5.903167756077887
3060,,4.972265625,0.0002951305524022886,0.9881604313850403,,5.903712312643533
3070,,4.903125,0.00029508340534320076,1.0352975130081177,,5.903811151164313
3080,,4.958984375,0.00029503603537116795,1.0130178928375244,,5.904299734198757
3090,,4.76953125,0.0002949884425673642,1.0154494047164917,,5.904721530953844
3100,,4.996875,0.00029494062701334526,1.0650811195373535,,5.903800249066427
3110,,4.836328125,0.0002948925887910486,1.0587376356124878,,5.901757360509105
3120,,4.76171875,0.0002948443279827932,1.1432234048843384,,5.899498836586261
3130,,4.8296875,0.0002947958446712797,1.0716146230697632,,5.897740493589299
3140,,4.835546875,0.0002947471389395897,1.259747862815857,,5.897719093997945
3150,,4.930078125,0.0002946982108711861,1.5605465173721313,,5.897875490230863
3160,,4.899609375,0.000294649060549913,1.0878831148147583,,5.898101347956128
3170,,4.868359375,0.0002945996880599948,1.0142765045166016,,5.8984082299408405
3180,,4.98359375,0.00029455009348603736,1.1762079000473022,,5.898589974889978
3190,,4.840625,0.0002945002769130264,1.0557453632354736,,5.898896335430588
3200,,4.909765625,0.0002944502384263285,1.0407260656356812,,5.899037981417456
3210,,4.840625,0.0002943999781116905,1.0266698598861694,,5.899177810765966
3220,,4.876953125,0.00029434949605523905,1.2123724222183228,,5.899402634621824
3230,,4.8375,0.000294298792343481,1.1704896688461304,,5.899464664024934
3240,,4.86328125,0.0002942478670633033,1.203199863433838,,5.899702378484528
3250,,4.823046875,0.00029419672030197186,20.142099380493164,,5.899378561343157
3260,,4.846875,0.00029414535214713296,1.1018850803375244,,5.899403430557048
3270,,4.805078125,0.00029409376268681175,1.0591704845428467,,5.899511309168279
3280,,4.913671875,0.0002940419520094126,1.1663767099380493,,5.899782070153138
3290,,4.916015625,0.00029398992020371914,1.0792425870895386,,5.899621170914606
3300,,4.9546875,0.00029393766735889403,1.0815848112106323,,5.900037272035642
3310,,4.851953125,0.0002938851935644784,1.025963306427002,,5.900103206860242
3320,,4.908203125,0.0002938324989103922,1.1104133129119873,,5.900435244880953
3330,,4.920703125,0.00029377958348693377,1.0086798667907715,,5.900842966991344
3340,,4.7671875,0.00029372644738477995,0.9547592997550964,,5.901636868267857
3350,,4.8140625,0.0002936730906949854,1.0358535051345825,,5.9024390653526755
3360,,5.189453125,0.0002936195135089831,1.1199535131454468,,5.902756625001396
3370,,4.9671875,0.00029356571591858383,1.1578611135482788,,5.903151842735661
3380,,4.90859375,0.00029351169801597574,1.00937020778656,,5.903326035761871
3390,,4.878515625,0.0002934574598937249,1.188968539237976,,5.903588322044926
3400,,5.15234375,0.0002934030016447745,1.1142646074295044,,5.903851210111775
3410,,4.8875,0.00029334832336244513,1.0817546844482422,,5.903995317381783
3420,,4.89609375,0.0002932934251404344,1.107377052307129,,5.9046375217975635
3430,,4.94453125,0.00029323830707281664,1.067460060119629,,5.904609020829957
3440,,4.962890625,0.00029318296925404303,1.3950904607772827,,5.904984011807072
3450,,4.913671875,0.00029312741177894136,1.2042285203933716,,5.905464845185845
3460,,4.775390625,0.00029307163474271574,1.062461018562317,,5.906263920388725
3470,,4.83046875,0.00029301563824094673,1.2274410724639893,,5.907131625027393
3480,,4.75390625,0.00029295942236959055,1.1377049684524536,,5.907281221221174
3490,,4.930859375,0.00029290298722497977,1.1466705799102783,,5.907878616678013
3500,,4.858203125,0.0002928463329038225,1.1126917600631714,4.131054878234863,5.903993861095773
3510,,4.946875,0.0002927894595032024,1.0883221626281738,,5.904284885400231
3520,,4.8921875,0.0002927323671205786,1.1067333221435547,,5.9046127241724555
3530,,4.79921875,0.0002926750558537856,1.1530365943908691,,5.904942417803162
3540,,4.846875,0.00029261752580103293,1.1975740194320679,,5.905259552002722
3550,,4.97734375,0.00029255977706090473,1.247641682624817,,5.905570761737783
3560,,4.860546875,0.0002925018097323604,1.092992901802063,,5.905938542271
3570,,4.916796875,0.00029244362391473344,1.1242122650146484,,5.906077886479879
3580,,4.670703125,0.0002923852197077322,1.1960821151733398,,5.90611486019817
3590,,5.117578125,0.0002923265972114388,1.1129482984542847,,5.906801776003909
3600,,4.925390625,0.00029226775652630983,1.168281078338623,,5.907435169754051
3610,,4.973828125,0.0002922086977531755,1.1970545053482056,,5.908149307639046
3620,,4.80703125,0.00029214942099323995,1.307735800743103,,5.908783047355316
3630,,4.851953125,0.00029208992634808064,1.0898566246032715,,5.909528223764881
3640,,4.73671875,0.0002920302139196486,1.158139944076538,,5.910295907140483
3650,,4.82421875,0.00029197028381026783,1.24626624584198,,5.911039015895666
3660,,4.780859375,0.0002919101361226358,1.1244910955429077,,5.911690406270589
3670,,4.73515625,0.0002918497709598222,1.6073882579803467,,5.912431582744909
3680,,4.89921875,0.00029178918842526994,1.0909423828125,,5.9123550986237845
3690,,4.942578125,0.000291728388622794,1.3108079433441162,,5.912507662865555
3700,,4.858203125,0.00029166737165658204,1.0634641647338867,,5.9127544510953225
3710,,4.869921875,0.0002916061376311936,1.1937514543533325,,5.912939511095048
3720,,4.82578125,0.0002915446866515602,1.1349937915802002,,5.913199130838253
3730,,4.762109375,0.0002914830188229853,1.1375595331192017,,5.913335042843837
3740,,4.894921875,0.00029142113425114377,1.1272460222244263,,5.913521159031372
3750,,4.8265625,0.00029135903304208213,1.112636923789978,,5.914044278686518
3760,,4.808984375,0.00029129671530221776,1.1167140007019043,,5.914223565953309
3770,,4.77265625,0.0002912341811383394,1.1175884008407593,,5.914344031761667
3780,,4.721484375,0.0002911714306576066,1.1477384567260742,,5.91467043958799
3790,,4.841015625,0.0002911084639675495,1.083329677581787,,5.915056127563871
3800,,4.804296875,0.00029104528117606884,1.0732775926589966,,5.91535147731887
3810,,4.9421875,0.0002909818823914357,1.1798526048660278,,5.915477498376847
3820,,4.69921875,0.0002909182677222911,1.1080721616744995,,5.915861741526906
3830,,4.762109375,0.00029085443727764606,1.145247459411621,,5.916170633025145
3840,,4.823046875,0.00029079039116688174,1.1503841876983643,,5.916397877192657
3850,,4.65859375,0.0002907261294997482,1.2103465795516968,,5.916676064863312
3860,,4.8390625,0.0002906616523863653,1.1372185945510864,,5.916995429315236
3870,,4.702734375,0.0002905969599372222,1.180708408355713,,5.91711285074906
3880,,4.746875,0.0002905320522631769,1.12977135181427,,5.917662696464287
3890,,4.8875,0.0002904669294754559,1.1503043174743652,,5.917779378909525
3900,,4.857421875,0.0002904015916856548,1.2244553565979004,,5.917575780571351
3910,,4.890234375,0.00029033603900573753,1.0801167488098145,,5.917772409280673
3920,,4.855078125,0.00029027027154803614,1.2359611988067627,,5.917605955646506
3930,,4.72734375,0.00029020428942525065,1.1085569858551025,,5.918384119685961
3940,,4.887890625,0.00029013809275044915,1.262448787689209,,5.919143784909072
3950,,4.8015625,0.00029007168163706736,1.3027069568634033,,5.919795965440372
3960,,4.809765625,0.00029000505619890824,1.166965365409851,,5.920439288406495
3970,,4.694921875,0.0002899382165501422,1.2180860042572021,,5.920931141795844
3980,,4.778515625,0.0002898711628053068,1.1949373483657837,,5.921591729801326
3990,,4.923046875,0.0002898038950793064,1.1839536428451538,,5.92222996422759
4000,,4.865625,0.0002897364134874118,1.105277419090271,3.880505323410034,5.919226899209546
4010,,4.84765625,0.0002896687181452608,1.3031519651412964,,5.9198467342767005
4020,,4.9109375,0.0002896008091688569,1.2778842449188232,,5.920517775510319
4030,,4.753125,0.0002895326866745702,1.1756319999694824,,5.919350283201301
4040,,4.741796875,0.00028946435077913633,1.176274061203003,,5.919428853365154
4050,,4.8828125,0.0002893958015996569,1.095167875289917,,5.919252813109549
4060,,4.713671875,0.00028932703925359867,1.0917521715164185,,5.919954659341138
4070,,4.8390625,0.00028925806385879393,1.1100208759307861,,5.920554267642894
4080,,4.680859375,0.00028918887553344014,1.134548544883728,,5.920493540139564
4090,,4.90390625,0.00028911947439609923,1.228395938873291,,5.920951382231656
4100,,4.8234375,0.0002890498605656981,1.1434109210968018,,5.921115673268207
4110,,4.731640625,0.0002889800341615283,1.2344322204589844,,5.919697524197886
4120,,4.99609375,0.00028890999530324527,1.2318394184112549,,5.919653566184218
4130,,4.8453125,0.0002888397441108688,1.2043195962905884,,5.919934738834281
4140,,4.7734375,0.00028876928070478236,1.0803152322769165,,5.920164757064011
4150,,4.80234375,0.00028869860520573307,1.2464120388031006,,5.9207706838586285
4160,,4.876953125,0.0002886277177348316,1.3820003271102905,,5.921490240343581
4170,,4.76484375,0.00028855661841355195,1.2062186002731323,,5.922093364603868
4180,,4.72421875,0.00028848530736373093,1.1396474838256836,,5.922779874532516
4190,,4.859765625,0.0002884137847075682,1.1790663003921509,,5.923361941068521
4200,,4.714453125,0.0002883420505676262,1.2448252439498901,,5.923890493439283
4210,,4.801171875,0.00028827010506682956,1.2091840505599976,,5.924538750901917
4220,,4.784765625,0.00028819794832846525,1.2456551790237427,,5.9251521507612965
4230,,4.754296875,0.0002881255804761823,1.236248254776001,,5.925782293406962
4240,,4.762890625,0.00028805300163399115,1.147634744644165,,5.926342832148567
4250,,4.844921875,0.00028798021192626426,1.1825366020202637,,5.926914760948104
4260,,4.73671875,0.00028790721147773507,1.20322585105896,,5.927450001393641
4270,,4.802734375,0.0002878340004134984,1.1838010549545288,,5.927970532302669
4280,,4.90078125,0.00028776057885900963,1.138950228691101,,5.928111998096915
4290,,4.830078125,0.00028768694694008537,1.1062966585159302,,5.927985700166136
4300,,4.79765625,0.00028761310478290223,1.147127628326416,,5.9278965365864424
4310,,4.768359375,0.00028753905251399734,1.335294246673584,,5.927205586287901
4320,,4.72890625,0.0002874647902602679,1.1799368858337402,,5.926932436200184
4330,,4.709765625,0.0002873903181489707,1.165962815284729,,5.926812985322254
4340,,4.6765625,0.00028731563630772234,1.3949288129806519,,5.926853275427165
4350,,4.799609375,0.0002872407448644989,1.8281651735305786,,5.927059581863522
4360,,4.775,0.0002871656439476354,1.1969959735870361,,5.926592292280328
4370,,4.73671875,0.000287090333685826,1.0548592805862427,,5.926785991336364
4380,,4.921875,0.0002870148142081236,1.3129169940948486,,5.927481252721765
4390,,4.598828125,0.00028693908564393937,1.2958565950393677,,5.928138770232667
4400,,4.804296875,0.00028686314812304307,1.244364619255066,,5.9286851824736635
4410,,4.8609375,0.0002867870017755624,1.2567768096923828,,5.927981488395172
4420,,4.7125,0.0002867106467319829,1.1540919542312622,,5.928027037851932
4430,,4.71875,0.0002866340831231478,1.098616600036621,,5.928606510744487
4440,,4.876953125,0.0002865573110802577,4.738017559051514,,5.9291301364131295
4450,,4.819921875,0.00028648033073487035,1.4850355386734009,,5.929625583164824
4460,,4.8171875,0.00028640314221890046,5.233001232147217,,5.930142374090672
4470,,4.740234375,0.0002863257456646194,1.388710618019104,,5.930761282849466
4480,,4.85078125,0.0002862481412046553,1.1667417287826538,,5.931345087875932
4490,,4.8453125,0.0002861703289719921,1.2298177480697632,,5.931981855738183
4500,,4.871484375,0.0002860923090999703,1.2372387647628784,4.002831935882568,5.929235422809546
4510,,4.7171875,0.00028601408172228586,1.2941584587097168,,5.9298469474929165
4520,,4.792578125,0.00028593564697299034,1.247169017791748,,5.930314414243309
4530,,4.697265625,0.00028585700498649086,1.2455456256866455,,5.930870314268769
4540,,4.74296875,0.00028577815589754963,1.1319082975387573,,5.931121979401513
4550,,4.9453125,0.0002856990998412834,1.2268388271331787,,5.930382243681652
4560,,4.709765625,0.0002856198369531642,1.3610929250717163,,5.929655822469972
4570,,4.86171875,0.00028554036736901784,1.196089506149292,,5.9291096058962784
4580,,4.715625,0.0002854606912250249,1.1824792623519897,,5.928459965674739
4590,,4.721875,0.00028538080865771935,1.308714509010315,,5.927814642735712
4600,,4.8234375,0.00028530071980398947,1.9388614892959595,,5.927157676386031
4610,,4.64296875,0.0002852204248010767,1.2130917310714722,,5.926670508205468
4620,,4.75,0.0002851399237865758,1.2837566137313843,,5.926681541586826
4630,,4.766015625,0.0002850592168984344,1.2797976732254028,,5.927005703879716
4640,,4.63359375,0.0002849783042749533,1.1535042524337769,,5.927214601566756
4650,,4.6314453125,0.0002848971860547855,1.3175708055496216,,5.927476212219683
4660,,4.7765625,0.00028481586237693647,1.2712091207504272,,5.927861945128979
4670,,4.73828125,0.0002847343333807638,1.28688645362854,,5.9282172429889055
4680,,4.79765625,0.00028465259920597676,1.15570867061615,,5.9285622784281005
4690,,4.750390625,0.00028457065999263633,1.2437490224838257,,5.928778553073321
4700,,4.675390625,0.0002844885158811548,1.309163212776184,,5.929203021588813
4710,,4.6845703125,0.00028440616701229566,1.5474367141723633,,5.929512176997365
4720,,4.78125,0.00028432361352717314,1.3426141738891602,,5.929756342651795
4730,,4.7953125,0.0002842408555672522,1.507946252822876,,5.928314900599457
4740,,4.709375,0.0002841578932743481,1.2747455835342407,,5.927702173451693
4750,,4.907421875,0.0002840747267906264,1.223027229309082,,5.927836826423082
4760,,4.694921875,0.0002839913562586025,1.24153733253479,,5.928116655187711
4770,,4.77265625,0.0002839077818211414,1.3200016021728516,,5.928304817635825
4780,,4.81640625,0.00028382400362145753,1.353244423866272,,5.92851169542497
4790,,4.6060546875,0.00028374002180311464,1.315102458000183,,5.928771871061438
4800,,4.67578125,0.00028365583651002505,1.2639148235321045,,5.928823279639826
4810,,4.8265625,0.0002835714478864501,1.1533032655715942,,5.928791259345289
4820,,4.670703125,0.00028348685607699955,1.2795628309249878,,5.9289410703251315
4830,,4.7125,0.00028340206122663106,1.2397724390029907,,5.928890227176401
4840,,4.690625,0.0002833170634806506,1.2684084177017212,,5.928728819646894
4850,,4.721875,0.00028323186298471136,1.2651886940002441,,5.928719365953955
4860,,4.740625,0.00028314645988481455,1.3092666864395142,,5.929031610771812
4870,,4.67734375,0.000283060854327308,1.1678221225738525,,5.929185623755745
4880,,4.744921875,0.00028297504645888685,1.3171226978302002,,5.9287645107947045
4890,,4.725,0.0002828890364265928,1.158733606338501,,5.9285501091091986
4900,,4.8578125,0.0002828028243778139,1.34994637966156,,5.928844595792038
4910,,4.702734375,0.0002827164104602845,1.2426602840423584,,5.9290246525938075
4920,,4.668359375,0.00028262979482208484,1.1668273210525513,,5.92925551587825
4930,,4.776953125,0.00028254297761164083,1.1444613933563232,,5.929137819198395
4940,,5.437890625,0.00028245595897772376,1.1747088432312012,,5.92937399734461
4950,,4.740625,0.00028236873906945013,1.3168175220489502,,5.929352413761735
4960,,4.762109375,0.00028228131803628123,1.232285499572754,,5.929468217559672
4970,,4.740234375,0.00028219369602802333,1.3250030279159546,,5.929694142179158
4980,,4.7171875,0.0002821058731948267,1.538706660270691,,5.930268467342556
4990,,4.735546875,0.0002820178496871859,1.3173243999481201,,5.930324420523205
5000,,4.6552734375,0.0002819296256559395,1.2416565418243408,3.8846678733825684,5.9274577750889765
5010,,4.8328125,0.0002818412012522694,1.2487592697143555,,4.908180698869781
5020,,4.76171875,0.00028175257662770123,1.3389298915863037,,4.91016125153181
5030,,4.762890625,0.00028166375193410334,1.343563199043274,,4.91211321780002
5040,,4.714453125,0.0002815747273236872,1.2029662132263184,,4.914111097286592
5050,,4.75546875,0.0002814855029490068,1.4082318544387817,,4.916096770126958
5060,,4.63828125,0.0002813960789629584,1.3206487894058228,,4.918049555180347
5070,,4.635546875,0.0002813064555187803,1.333396553993225,,4.919928173335955
5080,,4.7703125,0.00028121663277005254,1.2791452407836914,,4.921805722709801
5090,,4.75703125,0.00028112661087069694,1.4055795669555664,,4.923676420466216
5100,,4.6984375,0.00028103638997497627,1.2193578481674194,,4.925359368554893
5110,,4.636328125,0.0002809459702374946,1.8218966722488403,,4.9271395201459764
5120,,4.793359375,0.0002808553518131965,1.4957857131958008,,4.928875895168858
5130,,4.6265625,0.00028076453485736724,1.2839291095733643,,4.930727432422006
5140,,4.88046875,0.000280673519525632,1.2861660718917847,,4.932530263875816
5150,,4.7625,0.00028058230597395616,1.2194896936416626,,4.934351922356699
5160,,4.551171875,0.00028049089435864464,1.2697302103042603,,4.936239357053806
5170,,4.64140625,0.0002803992848363419,1.4178173542022705,,4.937655983899762
5180,,4.878125,0.00028030747756403133,1.531998634338379,,4.938796350576655
5190,,4.771484375,0.0002802154726990353,1.2995048761367798,,4.940445032689139
5200,,4.773828125,0.0002801232703990149,1.3464624881744385,,4.942168118708242
5210,,4.6046875,0.00028003087082196913,1.2611333131790161,,4.944045254265216
5220,,4.7734375,0.0002799382741262358,1.4440653324127197,,4.945927882739115
5230,,4.7515625,0.0002798454804704896,1.3722223043441772,,4.947054568326081
5240,,4.72890625,0.0002797524900137434,1.4159736633300781,,4.948680971715305
5250,,4.667578125,0.00027965930291534724,1.3342945575714111,,4.950499057263286
10,,9.768229166666666,2.6999999999999996e-06,6.681924343109131,,2.9284263893115856
20,,9.59765625,5.7e-06,7.028751850128174,,2.8954092313231854
30,,9.30234375,8.7e-06,5.000726222991943,,2.8667262996080054
40,,9.0453125,1.1699999999999998e-05,2.7110164165496826,,2.8387174759363543
50,,8.915625,1.47e-05,3.0527496337890625,,2.812113756279094
60,,8.66796875,1.7699999999999997e-05,3.500518321990967,,2.819594397736206
70,,8.6484375,2.07e-05,1.7963372468948364,,2.830233911354356
80,,8.372265625,2.37e-05,2.5438857078552246,,2.835098756809063
90,,8.4203125,2.67e-05,2.3405752182006836,,2.8421538950399508
100,,8.33515625,2.9699999999999997e-05,1.7288225889205933,,2.8500032612301474
110,,8.2703125,3.27e-05,1.7315834760665894,,2.857192859569284
120,,8.1765625,3.5699999999999994e-05,1.991500973701477,,2.865732599383632
